0
1
2
4
6
7
8
9
10
11
12
13
14
15
16
17
18
19
20
21
22
23
24
25
26
27
28
29
30
31
32
33
34
35
36
37
38
39
40
41
42
43
44
45
46
47
48
49
50
51
52
53
54
55
56
57
58
59
60
62
63
64
65
66
67
68
69
70
71
72
73
74
75
76
77
78
79
80
81
82
83
84
85
86
87
88
89
90
91
92
94
95
96
97
98
99
100
101
102
103
104
105
106
107
108
109
110
111
112
113
114
115
116
117
119
120
121
122
123
127
128
129
130
131
132
133
134
135
136
137
144
146
152
157
198
220
222
223
224
225
226
227
228
229
230
231
232
233
234
235
236
237
238
239
240
241
242
243
244
245
246
248
249
250
251
252
253
254
255
256
257
258
259
260
261
262
263
264
265
266
267
268
269
270
271
272
273
274
275
276
277
278
279
280
281
282
283
284
285
286
287
288
289
290
291
292
293
294
295
296
298
299
300
301
302
303
304
305
306
307
308
309
310
311
312
313
314
315
316
318
319
321
322
323
324
325
326
327
328
329
330
331
332
333
334
335
336
337
338
339
340
341
342
343
344
345
346
347
348
349
350
351
352
353
354
355
356
357
358
359
360
361
362
363
364
365
366
367
368
369
370
371
372
374
375
377
378
379
380
381
382
383
384
385
386
387
388
389
390
391
392
393
394
395
396
397
398
399
400
401
402
403
404
405
407
408
409
410
411
412
413
414
415
416
417
418
419
420
421
423
424
425
426
427
428
429
430
431
432
433
434
435
436
437
438
439
440
441
442
443
444
445
446
447
448
449
450
451
452
453
455
456
457
458
459
460
461
462
463
464
466
467
468
469
470
471
472
473
474
475
476
477
478
479
480
481
482
483
484
485
486
487
488
489
490
491
492
493
494
495
496
497
498
499
500
501
503
504
505
506
507
508
509
511
512
513
514
516
517
518
519
520
521
522
523
524
525
526
528
529
530
531
532
533
534
535
536
537
538
539
540
541
542
543
544
545
547
548
549
551
552
553
554
555
557
558
559
560
561
562
563
564
565
566
567
568
569
570
571
572
573
575
576
577
578
579
580
581
582
583
585
586
587
588
589
591
592
593
594
595
596
597
598
599
600
601
602
603
604
605
606
607
608
609
610
611
612
613
614
615
616
617
618
619
620
622
623
624
625
626
627
628
629
630
631
632
633
634
635
636
637
638
639
640
641
642
643
644
645
646
647
648
649
650
651
652
653
654
655
656
658
659
660
661
662
663
664
665
666
667
668
669
670
671
673
674
675
676
677
678
680
681
682
684
685
686
687
688
689
690
691
692
693
694
695
696
697
698
699
700
701
702
703
704
706
707
708
709
710
711
712
713
714
715
716
717
718
719
721
722
723
724
726
727
728
729
730
732
733
734
735
736
737
738
740
741
742
743
744
745
747
748
749
750
751
752
753
754
755
756
757
758
759
760
762
763
764
765
766
767
768
769
770
771
772
773
776
777
778
779
780
781
782
783
784
785
786
787
788
789
790
791
793
795
796
797
798
799
800
801
802
803
804
805
806
807
808
809
810
811
812
813
814
815
816
817
818
819
821
822
823
824
825
826
829
830
831
832
833
834
835
836
837
838
839
840
841
842
843
844
846
847
848
849
850
851
852
853
854
855
856
858
859
860
861
862
863
864
866
867
868
869
870
871
872
873
874
876
877
878
879
880
881
882
883
884
885
886
887
888
889
890
891
893
894
895
896
897
898
899
900
901
902
903
904
905
906
907
908
909
910
911
912
913
914
915
916
917
918
919
920
921
922
923
924
925
926
927
928
929
930
931
932
933
935
936
937
938
939
940
941
942
943
944
945
946
947
948
949
950
951
952
953
954
955
956
957
958
959
960
961
962
963
966
967
968
970
971
972
973
974
975
977
978
979
980
981
982
983
984
985
986
988
989
991
993
994
995
996
997
998
999
1000
1001
1002
1003
1004
1005
1006
1007
1009
1010
1011
1012
1014
1015
1016
1017
1018
1019
1020
1021
1023
1024
1027
1028
1029
1030
1031
1034
1035
1036
1037
1038
1039
1040
1041
1042
1043
1044
1045
1046
1047
1048
1049
1050
1051
1052
1053
1054
1055
1056
1057
1058
1059
1060
1061
1062
1063
1064
1065
1066
1067
1068
1070
1071
1072
1073
1074
1075
1077
1078
1079
1080
1081
1082
1083
1084
1085
1086
1087
1088
1089
1090
1091
1092
1093
1094
1095
1096
1097
1098
1099
1100
1101
1102
1103
1104
1105
1106
1109
1110
1111
1112
1113
1114
1115
1116
1117
1118
1119
1120
1121
1122
1123
1124
1125
1126
1128
1129
1131
1132
1133
1134
1135
1136
1137
1138
1139
1140
1141
1142
1143
1144
1145
1146
1147
1148
1149
1151
1152
1153
1154
1155
1156
1157
1158
1159
1160
1162
1163
1164
1165
1166
1167
1170
1171
1172
1173
1174
1175
1176
1178
1179
1180
1181
1182
1183
1184
1186
1187
1188
1189
1190
1191
1193
1195
1196
1197
1198
1199
1200
1201
1203
1204
1205
1206
1208
1209
1210
1211
1212
1213
1214
1215
1216
1217
1218
1219
1220
1221
1222
1223
1224
1225
1226
1227
1228
1229
1231
1234
1235
1236
1237
1238
1240
1242
1243
1245
1246
1247
1248
1250
1251
1252
1253
1254
1255
1256
1257
1258
1259
1260
1261
1262
1263
1264
1265
1266
1267
1268
1269
1271
1272
1273
1274
1275
1277
1278
1279
1280
1282
1283
1285
1286
1287
1289
1290
1291
1292
1293
1294
1295
1296
1297
1298
1299
1300
1301
1302
1303
1304
1305
1307
1308
1310
1311
1312
1313
1314
1315
1316
1317
1318
1319
1320
1322
1323
1324
1325
1326
1327
1328
1329
1330
1331
1332
1333
1334
1335
1336
1337
1338
1339
1340
1341
1342
1344
1345
1347
1348
1350
1351
1352
1353
1354
1355
1356
1358
1361
1362
1363
1364
1365
1366
1367
1368
1369
1370
1371
1372
1373
1374
1375
1376
1379
1380
1381
1382
1383
1384
1385
1386
1387
1388
1390
1391
1393
1394
1395
1396
1400
1401
1404
1405
1406
1407
1408
1409
1410
1411
1412
1413
1414
1415
1416
1417
1418
1420
1422
1423
1425
1427
1428
1429
1430
1432
1433
1434
1435
1436
1438
1439
1440
1441
1442
1443
1445
1446
1447
1448
1452
1453
1454
1455
1456
1457
1458
1459
1460
1461
1462
1463
1465
1466
1467
1468
1469
1470
1471
1472
1473
1474
1475
1476
1477
1478
1479
1480
1481
1482
1483
1484
1485
1487
1488
1489
1493
1494
1495
1496
1499
1500
1501
1502
1503
1504
1505
1506
1507
1509
1510
1513
1514
1515
1516
1518
1519
1520
1521
1522
1523
1524
1525
1526
1527
1528
1529
1530
1531
1532
1533
1534
1535
1536
1537
1538
1539
1540
1541
1542
1543
1544
1545
1546
1547
1548
1549
1550
1551
1552
1553
1554
1556
1557
1558
1559
1560
1561
1562
1563
1564
1565
1566
1567
1568
1569
1570
1572
1573
1574
1575
1576
1577
1578
1580
1581
1582
1583
1584
1586
1587
1588
1589
1590
1591
1592
1593
1594
1595
1596
1597
1598
1599
1600
1601
1602
1603
1605
1606
1607
1608
1609
1611
1612
1613
1614
1615
1616
1617
1618
1619
1620
1622
1623
1624
1625
1626
1627
1628
1630
1632
1633
1634
1635
1637
1639
1640
1641
1642
1643
1644
1645
1646
1647
1649
1650
1652
1653
1654
1655
1656
1657
1658
1660
1661
1663
1664
1666
1667
1668
1669
1670
1671
1672
1673
1674
1675
1676
1677
1678
1679
1680
1681
1682
1683
1684
1685
1686
1687
1688
1689
1690
1691
1692
1694
1695
1696
1697
1698
1699
1700
1701
1703
1704
1706
1707
1709
1711
1712
1713
1714
1715
1716
1717
1718
1719
1720
1722
1723
1724
1725
1726
1727
1728
1730
1731
1732
1733
1736
1737
1739
1740
1741
1742
1744
1745
1746
1748
1750
1752
1753
1754
1755
1756
1757
1759
1760
1761
1762
1763
1764
1765
1766
1767
1768
1769
1770
1771
1772
1773
1774
1775
1776
1777
1778
1779
1781
1782
1783
1784
1785
1786
1787
1788
1789
1790
1791
1792
1795
1797
1798
1799
1800
1801
1803
1804
1805
1806
1807
1808
1809
1810
1811
1813
1814
1815
1816
1817
1818
1819
1820
1821
1822
1823
1824
1825
1826
1827
1828
1829
1830
1831
1832
1833
1834
1835
1836
1837
1840
1841
1842
1843
1844
1845
1846
1847
1848
1849
1850
1852
1854
1855
1856
1857
1858
1859
1860
1861
1862
1864
1865
1866
1867
1869
1870
1871
1874
1875
1876
1877
1878
1879
1880
1881
1882
1883
1884
1885
1886
1888
1889
1891
1892
1893
1894
1895
1896
1897
1898
1899
1900
1901
1902
1904
1906
1907
1908
1910
1911
1914
1915
1916
1917
1918
1919
1921
1922
1923
1924
1925
1926
1927
1928
1930
1931
1932
1935
1936
1937
1938
1939
1940
1942
1943
1944
1945
1946
1947
1948
1949
1950
1951
1952
1953
1954
1956
1957
1958
1959
1960
1962
1964
1965
1966
1967
1968
1970
1972
1973
1975
1976
1977
1980
1982
1985
1986
1987
1988
1989
1990
1991
1992
1993
1994
1995
1996
1997
1998
1999
2000
2001
2002
2003
2004
2006
2007
2011
2012
2013
2014
2015
2017
2018
2019
2020
2022
2023
2024
2025
2026
2027
2028
2029
2030
2031
2032
2033
2035
2036
2037
2038
2039
2043
2044
2045
2046
2047
2048
2049
2050
2051
2053
2054
2055
2057
2058
2059
2060
2064
2065
2066
2067
2069
2070
2071
2072
2073
2074
2075
2076
2077
2079
2080
2081
2082
2083
2084
2085
2086
2087
2088
2091
2093
2094
2095
2096
2098
2099
2100
2101
2103
2104
2105
2107
2109
2111
2112
2113
2114
2116
2117
2119
2121
2122
2123
2124
2126
2127
2128
2129
2131
2133
2134
2135
2136
2137
2138
2140
2141
2143
2144
2147
2148
2150
2151
2152
2153
2154
2156
2157
2158
2166
2167
2168
2169
2171
2172
2173
2174
2176
2177
2178
2179
2180
2181
2182
2184
2185
2186
2187
2188
2189
2190
2191
2192
2193
2194
2195
2196
2197
2199
2200
2201
2202
2203
2204
2205
2206
2208
2209
2210
2212
2213
2214
2216
2217
2219
2220
2222
2223
2225
2226
2227
2229
2230
2231
2232
2233
2234
2235
2236
2237
2238
2239
2241
2242
2243
2247
2249
2250
2251
2252
2253
2255
2257
2258
2259
2260
2261
2262
2263
2264
2265
2266
2267
2269
2270
2271
2272
2274
2276
2277
2278
2279
2280
2282
2284
2285
2286
2287
2289
2290
2291
2293
2294
2295
2297
2298
2300
2301
2302
2303
2304
2305
2306
2308
2309
2310
2311
2312
2313
2314
2315
2316
2318
2319
2320
2321
2322
2324
2325
2327
2328
2329
2330
2331
2332
2333
2334
2336
2337
2338
2341
2342
2343
2344
2345
2346
2347
2348
2349
2350
2351
2353
2354
2355
2356
2357
2358
2360
2361
2363
2364
2365
2366
2367
2368
2369
2370
2373
2374
2376
2378
2379
2380
2381
2382
2383
2384
2387
2388
2389
2390
2391
2392
2393
2394
2395
2397
2398
2399
2400
2401
2402
2403
2404
2405
2406
2407
2408
2411
2412
2413
2414
2416
2418
2420
2421
2422
2423
2424
2426
2428
2430
2431
2433
2436
2438
2439
2441
2442
2444
2445
2446
2447
2448
2450
2451
2452
2453
2454
2455
2456
2458
2459
2460
2461
2462
2463
2464
2465
2466
2468
2469
2471
2472
2476
2477
2478
2479
2481
2482
2483
2485
2486
2488
2489
2491
2492
2493
2494
2496
2497
2498
2499
2500
2502
2503
2504
2505
2506
2507
2508
2509
2510
2511
2512
2513
2514
2515
2516
2517
2518
2519
2520
2521
2523
2524
2526
2527
2528
2530
2531
2532
2534
2535
2537
2538
2540
2541
2542
2544
2545
2546
2548
2549
2550
2551
2552
2553
2554
2555
2556
2557
2558
2560
2561
2562
2564
2565
2567
2568
2569
2570
2571
2572
2573
2574
2575
2577
2578
2579
2580
2581
2582
2583
2584
2585
2586
2587
2588
2589
2590
2591
2592
2593
2594
2595
2597
2598
2599
2600
2601
2602
2603
2604
2605
2606
2607
2608
2609
2610
2612
2613
2614
2615
2617
2618
2619
2621
2623
2624
2625
2626
2627
2629
2630
2631
2632
2634
2636
2637
2638
2639
2640
2641
2643
2644
2645
2646
2647
2649
2650
2651
2652
2653
2657
2658
2659
2660
2662
2663
2664
2665
2667
2669
2670
2673
2674
2677
2678
2679
2680
2682
2683
2685
2686
2689
2690
2691
2692
2693
2694
2695
2696
2698
2699
2700
2701
2702
2703
2704
2705
2706
2707
2708
2709
2710
2712
2713
2714
2715
2716
2717
2718
2719
2720
2721
2722
2723
2724
2725
2726
2727
2728
2729
2730
2731
2732
2734
2736
2737
2738
2740
2743
2744
2745
2746
2747
2748
2749
2750
2751
2752
2754
2755
2756
2757
2758
2759
2760
2761
2762
2763
2765
2767
2768
2770
2772
2774
2776
2777
2779
2780
2781
2783
2784
2785
2786
2789
2790
2791
2792
2793
2794
2795
2796
2798
2799
2801
2802
2803
2804
2806
2809
2810
2812
2813
2814
2817
2818
2820
2822
2823
2824
2825
2827
2828
2829
2830
2831
2832
2833
2835
2836
2837
2838
2840
2841
2842
2843
2844
2845
2846
2847
2849
2850
2851
2854
2856
2857
2858
2859
2860
2861
2862
2863
2866
2867
2868
2869
2870
2871
2873
2874
2875
2876
2877
2878
2880
2881
2882
2883
2885
2886
2887
2888
2889
2890
2891
2892
2893
2894
2895
2896
2897
2899
2900
2902
2903
2904
2905
2906
2907
2909
2910
2911
2912
2913
2914
2915
2917
2919
2920
2921
2922
2923
2924
2925
2926
2929
2930
2931
2932
2933
2935
2936
2937
2938
2939
2940
2942
2943
2944
2945
2946
2947
2948
2950
2951
2953
2956
2957
2958
2959
2961
2962
2963
2965
2967
2968
2969
2971
2972
2973
2974
2976
2977
2978
2979
2980
2981
2982
2983
2984
2985
2987
2989
2990
2991
2992
2993
2994
2995
2996
2997
2998
2999
3000
3001
3003
3004
3006
3007
3008
3009
3010
3012
3013
3014
3016
3017
3018
3019
3021
3022
3023
3024
3026
3027
3028
3030
3031
3032
3033
3034
3035
3037
3038
3039
3040
3041
3042
3043
3045
3046
3047
3048
3049
3050
3051
3052
3053
3054
3055
3056
3057
3058
3059
3060
3061
3062
3063
3064
3065
3067
3069
3070
3071
3072
3074
3075
3076
3077
3078
3079
3080
3081
3082
3083
3084
3086
3087
3089
3090
3091
3092
3094
3095
3096
3097
3098
3099
3100
3101
3102
3103
3105
3106
3107
3108
3109
3110
3111
3113
3114
3115
3117
3118
3122
3124
3125
3127
3128
3129
3130
3131
3132
3133
3134
3135
3136
3137
3138
3140
3141
3142
3143
3144
3145
3146
3148
3149
3150
3151
3152
3153
3154
3155
3156
3157
3158
3159
3160
3161
3162
3163
3165
3166
3167
3168
3170
3171
3172
3173
3175
3177
3178
3179
3180
3181
3182
3183
3184
3185
3186
3188
3189
3191
3192
3193
3194
3195
3196
3198
3199
3200
3201
3202
3203
3204
3205
3207
3208
3209
3210
3212
3213
3215
3216
3217
3219
3221
3222
3225
3226
3228
3229
3230
3231
3232
3233
3234
3237
3238
3239
3240
3241
3242
3243
3245
3247
3248
3249
3250
3251
3252
3253
3254
3255
3256
3257
3258
3259
3260
3262
3263
3264
3265
3266
3267
3268
3269
3270
3272
3274
3275
3276
3277
3278
3280
3281
3282
3283
3284
3285
3286
3287
3288
3289
3290
3291
3292
3294
3295
3296
3297
3298
3299
3300
3301
3302
3303
3304
3305
3306
3307
3308
3309
3310
3311
3313
3314
3315
3316
3317
3318
3319
3320
3321
3322
3323
3324
3325
3327
3328
3329
3330
3331
3334
3335
3336
3337
3338
3339
3342
3343
3344
3345
3346
3348
3349
3350
3352
3354
3355
3356
3357
3358
3359
3361
3362
3364
3366
3368
3369
3370
3371
3372
3374
3375
3376
3377
3378
3379
3380
3382
3383
3384
3385
3387
3389
3391
3392
3394
3395
3396
3397
3401
3402
3404
3405
3406
3407
3408
3409
3410
3411
3412
3413
3414
3415
3418
3419
3420
3421
3422
3423
3424
3425
3428
3429
3432
3433
3434
3435
3436
3437
3438
3439
3440
3442
3443
3444
3445
3447
3448
3449
3450
3452
3455
3458
3459
3460
3462
3463
3464
3466
3468
3470
3471
3472
3473
3474
3475
3476
3477
3478
3481
3482
3485
3486
3487
3490
3491
3492
3493
3495
3496
3497
3498
3500
3502
3503
3505
3506
3507
3508
3509
3510
3511
3512
3514
3515
3516
3518
3519
3520
3521
3522
3523
3524
3525
3526
3529
3530
3533
3534
3535
3536
3538
3539
3540
3541
3542
3543
3545
3546
3548
3553
3554
3555
3556
3557
3558
3559
3560
3561
3562
3564
3565
3566
3567
3568
3569
3570
3571
3572
3574
3575
3576
3578
3579
3580
3581
3583
3584
3585
3586
3588
3590
3591
3593
3594
3595
3596
3597
3599
3600
3601
3602
3603
3604
3605
3606
3608
3609
3611
3612
3613
3614
3615
3616
3617
3618
3619
3620
3621
3622
3623
3624
3625
3626
3627
3628
3629
3630
3631
3632
3633
3634
3637
3638
3639
3641
3643
3644
3646
3648
3649
3650
3651
3655
3656
3657
3658
3659
3660
3661
3663
3664
3665
3668
3669
3671
3672
3674
3676
3677
3679
3680
3682
3683
3686
3687
3689
3690
3691
3693
3694
3696
3697
3700
3701
3702
3703
3704
3706
3707
3708
3711
3712
3713
3714
3715
3717
3718
3719
3720
3722
3724
3725
3726
3727
3728
3731
3732
3734
3736
3737
3738
3739
3740
3741
3742
3743
3744
3745
3746
3747
3749
3750
3752
3753
3754
3755
3756
3757
3759
3760
3761
3762
3763
3765
3766
3768
3769
3770
3771
3772
3773
3775
3777
3778
3779
3780
3781
3782
3788
3789
3790
3791
3793
3794
3795
3796
3798
3799
3800
3801
3803
3804
3806
3807
3808
3809
3811
3813
3814
3815
3816
3817
3818
3819
3820
3822
3825
3826
3827
3828
3829
3830
3833
3834
3835
3836
3837
3838
3839
3841
3842
3843
3844
3845
3847
3848
3851
3852
3853
3854
3855
3856
3857
3858
3859
3860
3861
3862
3864
3865
3866
3868
3869
3870
3871
3874
3875
3876
3878
3879
3881
3882
3883
3884
3885
3886
3887
3889
3890
3891
3892
3896
3899
3901
3902
3903
3904
3905
3908
3909
3910
3913
3914
3915
3917
3920
3921
3922
3923
3924
3927
3928
3929
3930
3931
3933
3934
3935
3938
3939
3940
3942
3943
3944
3945
3946
3947
3949
3950
3951
3953
3954
3955
3956
3957
3958
3960
3961
3962
3963
3965
3967
3968
3971
3972
3973
3974
3975
3976
3977
3978
3979
3980
3982
3983
3984
3986
3987
3988
3989
3990
3991
3992
3993
3994
3995
3996
3998
3999
4000
4002
4003
4005
4007
4008
4009
4010
4011
4012
4013
4015
4016
4018
4019
4020
4021
4022
4024
4025
4026
4027
4031
4032
4033
4034
4036
4038
4039
4040
4041
4042
4044
4045
4046
4047
4049
4050
4052
4053
4054
4055
4056
4057
4058
4060
4062
4064
4065
4066
4067
4069
4070
4071
4072
4073
4076
4078
4079
4081
4082
4083
4084
4086
4087
4088
4089
4090
4091
4092
4095
4097
4098
4099
4100
4101
4102
4104
4105
4106
4107
4108
4109
4111
4112
4114
4115
4116
4117
4118
4119
4120
4121
4122
4123
4124
4125
4126
4128
4129
4130
4131
4133
4134
4135
4138
4139
4140
4141
4142
4143
4144
4145
4147
4148
4150
4155
4156
4157
4158
4159
4161
4162
4164
4165
4167
4168
4170
4171
4172
4173
4175
4176
4178
4179
4180
4182
4183
4184
4185
4188
4189
4191
4193
4194
4196
4199
4201
4202
4203
4204
4206
4207
4208
4209
4211
4213
4216
4217
4218
4219
4220
4221
4222
4223
4225
4226
4227
4229
4230
4233
4234
4236
4237
4238
4240
4241
4242
4243
4244
4245
4246
4248
4252
4254
4255
4256
4257
4258
4259
4260
4261
4262
4263
4264
4265
4266
4267
4268
4269
4270
4273
4275
4276
4278
4279
4281
4283
4284
4285
4288
4289
4290
4291
4292
4293
4295
4296
4297
4299
4300
4301
4302
4304
4307
4308
4309
4310
4311
4313
4314
4315
4319
4321
4322
4323
4324
4327
4328
4330
4331
4332
4333
4334
4335
4336
4337
4338
4339
4340
4341
4342
4343
4344
4345
4346
4347
4348
4351
4352
4353
4355
4356
4357
4359
4360
4361
4362
4363
4364
4366
4368
4369
4370
4371
4372
4373
4374
4375
4376
4379
4382
4383
4384
4385
4386
4389
4390
4391
4392
4393
4394
4395
4396
4397
4398
4400
4401
4402
4404
4405
4406
4409
4410
4412
4414
4415
4416
4417
4418
4419
4420
4421
4423
4424
4425
4428
4429
4430
4431
4432
4433
4434
4435
4436
4437
4438
4439
4440
4441
4442
4443
4444
4445
4447
4448
4449
4450
4451
4452
4454
4455
4459
4461
4463
4464
4465
4466
4467
4468
4469
4470
4471
4472
4473
4475
4476
4477
4478
4479
4480
4482
4483
4484
4486
4487
4488
4489
4490
4492
4493
4494
4496
4497
4499
4501
4502
4503
4505
4506
4507
4508
4510
4511
4512
4517
4518
4519
4520
4521
4523
4524
4525
4526
4528
4529
4530
4531
4532
4533
4535
4536
4537
4540
4541
4542
4543
4545
4546
4547
4549
4551
4552
4554
4556
4557
4558
4559
4560
4561
4562
4563
4564
4565
4566
4567
4568
4570
4571
4573
4574
4575
4576
4577
4580
4581
4583
4584
4585
4587
4588
4589
4590
4591
4592
4593
4594
4595
4598
4599
4600
4601
4602
4603
4606
4607
4609
4610
4611
4612
4613
4614
4618
4619
4621
4622
4623
4625
4627
4632
4633
4634
4635
4637
4638
4642
4643
4644
4645
4647
4649
4650
4652
4654
4655
4656
4657
4658
4659
4660
4661
4663
4664
4667
4669
4670
4671
4673
4674
4675
4676
4677
4679
4680
4681
4682
4684
4686
4687
4688
4689
4690
4692
4693
4694
4695
4697
4698
4700
4701
4702
4705
4706
4707
4708
4709
4710
4711
4712
4713
4716
4717
4718
4719
4721
4722
4723
4724
4725
4726
4729
4730
4731
4732
4733
4734
4735
4736
4738
4741
4742
4744
4745
4746
4747
4748
4750
4751
4752
4753
4754
4755
4756
4757
4758
4759
4762
4763
4764
4765
4766
4767
4769
4770
4773
4774
4775
4776
4777
4778
4779
4780
4781
4782
4783
4784
4785
4786
4788
4789
4790
4791
4792
4793
4794
4795
4796
4797
4798
4799
4800
4801
4802
4803
4804
4807
4808
4810
4811
4813
4816
4817
4818
4820
4821
4823
4824
4826
4828
4829
4830
4831
4832
4833
4834
4835
4836
4837
4838
4839
4840
4842
4843
4844
4845
4846
4847
4849
4850
4851
4855
4856
4858
4859
4860
4861
4862
4863
4864
4866
4868
4869
4871
4873
4874
4879
4880
4881
4883
4884
4885
4886
4887
4890
4891
4892
4893
4896
4897
4899
4902
4904
4906
4907
4909
4910
4912
4913
4914
4916
4918
4920
4922
4923
4924
4927
4928
4929
4930
4931
4935
4936
4937
4938
4939
4941
4942
4944
4945
4947
4948
4950
4951
4952
4953
4954
4955
4956
4958
4962
4963
4964
4965
4967
4968
4970
4971
4972
4973
4974
4976
4977
4980
4981
4982
4983
4984
4986
4988
4989
4990
4991
4992
4993
4994
4997
4998
4999
5000
5001
5002
5004
5005
5006
5010
5011
5012
5013
5015
5016
5017
5018
5019
5020
5021
5022
5024
5025
5026
5027
5028
5032
5033
5034
5037
5038
5040
5041
5042
5043
5044
5045
5046
5047
5048
5049
5050
5053
5054
5055
5056
5057
5058
5059
5060
5061
5062
5064
5065
5066
5067
5068
5069
5070
5073
5074
5075
5076
5077
5078
5081
5082
5083
5085
5086
5087
5088
5089
5090
5091
5093
5095
5096
5097
5099
5101
5102
5103
5105
5106
5107
5108
5109
5114
5116
5117
5119
5121
5122
5124
5125
5127
5128
5129
5130
5131
5132
5133
5134
5137
5138
5139
5140
5141
5142
5143
5144
5145
5148
5149
5150
5154
5155
5157
5158
5159
5162
5163
5164
5165
5166
5167
5168
5169
5170
5171
5174
5175
5176
5177
5179
5181
5182
5183
5184
5185
5186
5187
5188
5190
5191
5192
5194
5195
5196
5199
5200
5203
5204
5207
5208
5209
5211
5212
5213
5214
5215
5216
5217
5219
5220
5222
5223
5224
5225
5226
5227
5228
5229
5230
5231
5232
5235
5236
5242
5243
5244
5245
5248
5251
5252
5253
5254
5255
5256
5257
5259
5260
5261
5262
5265
5266
5267
5269
5270
5272
5275
5277
5278
5279
5280
5281
5284
5285
5286
5287
5289
5291
5292
5293
5295
5296
5297
5299
5300
5302
5303
5305
5306
5307
5308
5309
5310
5312
5313
5314
5315
5316
5318
5319
5320
5323
5324
5325
5326
5327
5328
5330
5332
5333
5335
5337
5339
5340
5341
5342
5343
5344
5346
5347
5348
5349
5351
5352
5353
5354
5356
5357
5358
5359
5360
5361
5362
5363
5364
5365
5367
5369
5370
5371
5372
5373
5374
5375
5376
5377
5378
5379
5380
5381
5382
5383
5384
5385
5387
5388
5390
5391
5392
5394
5395
5396
5398
5401
5402
5403
5404
5405
5406
5407
5408
5409
5411
5413
5414
5415
5416
5418
5419
5424
5425
5426
5427
5429
5430
5432
5433
5434
5435
5436
5437
5438
5440
5441
5442
5444
5445
5446
5447
5448
5449
5450
5451
5454
5456
5457
5459
5460
5461
5462
5463
5464
5466
5467
5468
5469
5471
5472
5473
5474
5475
5476
5477
5478
5479
5480
5481
5484
5485
5486
5487
5488
5489
5491
5492
5493
5494
5495
5497
5498
5499
5500
5501
5502
5503
5505
5506
5507
5508
5509
5510
5511
5512
5514
5515
5516
5517
5518
5521
5522
5523
5524
5527
5529
5530
5531
5532
5533
5534
5536
5538
5539
5540
5541
5543
5544
5545
5546
5547
5548
5551
5552
5553
5555
5559
5560
5561
5562
5563
5564
5565
5566
5567
5568
5570
5571
5572
5574
5576
5577
5582
5584
5585
5586
5587
5588
5589
5590
5591
5592
5593
5595
5596
5597
5598
5599
5600
5601
5602
5603
5604
5605
5606
5607
5609
5610
5611
5614
5615
5617
5618
5621
5622
5623
5625
5626
5629
5630
5631
5632
5634
5637
5638
5639
5640
5641
5642
5645
5646
5647
5648
5649
5650
5651
5652
5653
5655
5656
5657
5658
5659
5660
5661
5662
5664
5666
5667
5668
5670
5671
5672
5673
5674
5675
5676
5678
5679
5680
5681
5682
5683
5684
5686
5689
5691
5694
5696
5697
5698
5699
5701
5705
5706
5707
5709
5710
5711
5713
5714
5715
5716
5721
5722
5723
5724
5727
5728
5732
5734
5735
5738
5739
5741
5742
5743
5745
5746
5747
5748
5751
5752
5753
5757
5758
5759
5761
5762
5763
5764
5765
5766
5767
5770
5774
5776
5777
5778
5779
5781
5782
5783
5784
5786
5787
5788
5789
5790
5794
5795
5796
5797
5798
5799
5801
5802
5805
5808
5809
5810
5812
5813
5815
5816
5817
5819
5820
5821
5822
5823
5824
5825
5827
5830
5832
5833
5834
5837
5838
5839
5840
5843
5844
5847
5848
5849
5850
5851
5853
5854
5855
5856
5857
5860
5861
5862
5864
5865
5866
5867
5869
5870
5871
5875
5876
5878
5879
5880
5882
5883
5886
5887
5888
5889
5891
5893
5894
5898
5899
5901
5902
5904
5905
5907
5909
5912
5913
5914
5915
5916
5917
5918
5920
5922
5923
5924
5926
5927
5928
5930
5931
5932
5933
5934
5936
5937
5938
5939
5940
5941
5943
5944
5945
5947
5948
5951
5952
5953
5954
5955
5956
5957
5958
5959
5961
5962
5963
5964
5966
5968
5969
5971
5972
5973
5975
5976
5977
5978
5979
5981
5982
5983
5984
5985
5986
5987
5988
5992
5995
5996
5997
5998
5999
6000
6001
6002
6003
6004
6005
6006
6007
6009
6013
6014
6015
6016
6017
6018
6019
6020
6021
6024
6025
6028
6029
6030
6031
6034
6036
6037
6038
6039
6040
6041
6042
6043
6044
6045
6046
6047
6048
6049
6051
6052
6053
6054
6055
6056
6058
6059
6060
6061
6063
6064
6066
6067
6069
6070
6071
6074
6075
6077
6078
6079
6080
6081
6082
6084
6085
6087
6088
6090
6091
6092
6093
6094
6095
6097
6098
6099
6101
6103
6105
6106
6107
6108
6109
6110
6111
6112
6113
6115
6116
6117
6121
6122
6124
6126
6127
6129
6130
6131
6132
6133
6134
6135
6136
6138
6139
6141
6143
6144
6146
6148
6149
6150
6151
6152
6153
6154
6156
6157
6158
6160
6161
6162
6163
6165
6167
6168
6170
6171
6174
6175
6176
6177
6178
6179
6180
6182
6183
6184
6185
6186
6187
6191
6192
6194
6195
6196
6197
6198
6201
6202
6204
6205
6206
6207
6210
6211
6212
6213
6214
6215
6217
6220
6221
6222
6224
6225
6227
6228
6230
6231
6232
6234
6235
6236
6237
6238
6239
6243
6245
6248
6249
6250
6252
6254
6255
6256
6257
6258
6259
6260
6262
6263
6265
6266
6267
6268
6273
6275
6276
6277
6278
6281
6282
6283
6284
6286
6288
6290
6291
6292
6293
6294
6295
6297
6298
6299
6302
6304
6306
6309
6310
6311
6312
6314
6316
6318
6320
6321
6323
6324
6326
6327
6328
6329
6331
6332
6333
6334
6335
6337
6338
6339
6340
6341
6343
6344
6345
6348
6349
6350
6351
6353
6355
6356
6357
6359
6360
6361
6362
6364
6365
6368
6369
6371
6373
6374
6375
6376
6377
6378
6379
6380
6381
6383
6384
6386
6387
6390
6393
6394
6395
6396
6397
6399
6400
6401
6403
6404
6406
6407
6408
6409
6410
6411
6412
6414
6415
6416
6418
6419
6420
6424
6426
6428
6429
6430
6433
6434
6435
6436
6437
6438
6439
6440
6442
6443
6445
6446
6447
6448
6450
6451
6452
6453
6455
6459
6461
6463
6464
6466
6467
6468
6469
6470
6472
6473
6474
6475
6476
6477
6483
6484
6485
6486
6487
6492
6493
6494
6495
6496
6497
6498
6501
6502
6503
6504
6505
6507
6508
6509
6510
6511
6512
6513
6515
6517
6518
6519
6520
6521
6522
6525
6526
6527
6529
6531
6532
6533
6535
6536
6537
6539
6540
6541
6542
6543
6545
6546
6547
6548
6549
6550
6552
6554
6556
6557
6558
6559
6560
6561
6562
6564
6565
6566
6568
6569
6570
6572
6573
6574
6575
6576
6577
6579
6582
6583
6584
6587
6588
6589
6590
6591
6595
6597
6599
6600
6601
6602
6603
6605
6607
6608
6611
6612
6614
6616
6618
6621
6622
6623
6624
6625
6627
6628
6630
6631
6632
6633
6635
6636
6637
6638
6639
6643
6646
6647
6648
6649
6650
6652
6653
6655
6656
6657
6658
6659
6660
6661
6664
6665
6667
6669
6670
6672
6673
6674
6676
6677
6679
6680
6681
6683
6684
6686
6687
6691
6692
6693
6694
6695
6696
6697
6698
6699
6700
6701
6702
6703
6704
6705
6706
6707
6708
6712
6713
6714
6715
6716
6718
6719
6720
6721
6722
6724
6725
6727
6728
6729
6730
6731
6733
6734
6735
6736
6737
6738
6739
6741
6742
6743
6744
6745
6746
6747
6749
6750
6751
6752
6756
6757
6758
6759
6761
6762
6763
6764
6765
6766
6767
6770
6773
6775
6777
6778
6779
6780
6783
6784
6788
6790
6791
6792
6794
6795
6796
6797
6799
6801
6804
6805
6806
6807
6808
6809
6810
6811
6813
6815
6816
6817
6818
6819
6820
6821
6823
6824
6826
6829
6830
6832
6833
6834
6835
6836
6840
6841
6842
6843
6844
6845
6846
6847
6849
6850
6851
6852
6853
6854
6855
6856
6857
6859
6862
6863
6865
6866
6867
6868
6869
6870
6872
6873
6875
6878
6879
6880
6881
6884
6885
6886
6889
6891
6892
6895
6897
6898
6900
6901
6902
6906
6907
6908
6909
6911
6912
6913
6914
6915
6916
6918
6920
6921
6922
6923
6924
6925
6927
6930
6931
6932
6933
6937
6940
6941
6942
6943
6944
6945
6946
6947
6949
6951
6953
6954
6957
6958
6959
6960
6961
6964
6965
6966
6967
6968
6970
6971
6972
6973
6974
6975
6977
6978
6979
6980
6983
6985
6988
6989
6990
6991
6992
6993
6994
6996
6999
7002
7003
7004
7005
7007
7008
7009
7014
7017
7018
7020
7021
7022
7023
7025
7026
7027
7028
7029
7031
7033
7034
7035
7036
7039
7041
7042
7043
7044
7045
7047
7049
7050
7051
7052
7054
7055
7056
7057
7058
7059
7061
7062
7063
7064
7065
7067
7068
7070
7071
7072
7073
7074
7075
7076
7077
7078
7079
7081
7083
7085
7086
7087
7091
7092
7093
7094
7095
7096
7097
7098
7099
7101
7106
7108
7109
7110
7111
7112
7114
7115
7116
7117
7119
7120
7121
7123
7124
7125
7126
7128
7129
7131
7132
7134
7135
7136
7139
7141
7142
7143
7145
7146
7147
7151
7152
7153
7154
7157
7158
7159
7161
7162
7163
7164
7165
7166
7167
7168
7169
7170
7171
7172
7173
7175
7176
7177
7178
7179
7181
7182
7183
7185
7186
7187
7189
7190
7193
7196
7198
7202
7204
7206
7207
7208
7209
7210
7211
7213
7214
7218
7220
7221
7222
7223
7224
7225
7226
7227
7229
7230
7233
7234
7236
7238
7239
7241
7242
7243
7244
7245
7246
7247
7249
7250
7252
7253
7255
7256
7258
7260
7261
7262
7263
7265
7268
7270
7271
7272
7274
7276
7277
7281
7283
7286
7287
7289
7290
7292
7295
7296
7297
7300
7302
7303
7304
7305
7306
7308
7309
7314
7315
7317
7318
7319
7320
7321
7325
7326
7327
7328
7330
7331
7332
7333
7335
7336
7337
7338
7339
7344
7345
7346
7348
7350
7351
7353
7354
7355
7356
7357
7359
7360
7361
7363
7364
7365
7366
7367
7368
7369
7370
7371
7372
7373
7374
7379
7380
7383
7384
7386
7387
7389
7390
7391
7392
7394
7395
7397
7402
7404
7406
7407
7408
7410
7411
7412
7413
7415
7416
7419
7421
7423
7424
7430
7431
7432
7433
7435
7436
7437
7438
7439
7440
7441
7444
7447
7448
7449
7450
7453
7454
7455
7457
7458
7459
7461
7462
7463
7464
7465
7466
7467
7468
7470
7472
7474
7476
7478
7480
7481
7483
7484
7485
7486
7487
7489
7491
7493
7495
7496
7497
7499
7500
7502
7503
7505
7506
7508
7509
7510
7511
7512
7513
7514
7515
7516
7520
7521
7522
7524
7526
7528
7529
7530
7531
7532
7533
7534
7535
7537
7538
7539
7540
7541
7543
7544
7545
7546
7547
7548
7549
7551
7552
7554
7555
7556
7557
7560
7561
7563
7564
7566
7567
7569
7570
7572
7573
7574
7575
7576
7578
7580
7581
7582
7583
7586
7587
7588
7589
7590
7592
7594
7595
7596
7597
7598
7602
7603
7604
7605
7606
7607
7608
7609
7610
7611
7612
7613
7614
7617
7618
7620
7621
7624
7626
7627
7628
7629
7632
7633
7634
7635
7637
7638
7639
7642
7643
7644
7648
7652
7653
7655
7656
7657
7658
7659
7661
7662
7664
7667
7669
7670
7671
7672
7673
7674
7677
7678
7679
7682
7683
7684
7686
7687
7690
7691
7692
7693
7695
7696
7697
7698
7700
7701
7703
7705
7706
7707
7709
7711
7712
7713
7714
7715
7716
7717
7718
7719
7722
7723
7725
7726
7727
7728
7731
7733
7734
7736
7737
7738
7739
7740
7741
7742
7744
7745
7746
7747
7748
7750
7751
7752
7753
7756
7757
7760
7761
7763
7764
7765
7766
7770
7771
7772
7773
7775
7776
7777
7778
7779
7781
7782
7783
7784
7785
7786
7787
7788
7789
7790
7792
7793
7794
7795
7796
7798
7799
7800
7802
7803
7805
7806
7807
7808
7809
7810
7812
7815
7819
7820
7822
7824
7828
7830
7831
7832
7834
7835
7836
7838
7839
7840
7841
7842
7848
7849
7850
7851
7852
7853
7854
7855
7856
7857
7859
7860
7862
7863
7864
7867
7870
7871
7872
7873
7874
7875
7877
7878
7881
7884
7885
7888
7889
7890
7891
7892
7894
7896
7898
7899
7900
7902
7903
7905
7906
7909
7910
7911
7912
7913
7914
7915
7916
7917
7919
7920
7923
7924
7925
7926
7928
7929
7930
7931
7932
7933
7935
7936
7941
7942
7943
7944
7947
7948
7950
7952
7953
7954
7955
7956
7960
7963
7964
7966
7967
7968
7969
7970
7972
7974
7975
7976
7977
7978
7980
7982
7983
7984
7985
7987
7988
7991
7992
7993
7994
7995
7998
7999
8000
8001
8002
8003
8005
8006
8008
8009
8012
8013
8015
8016
8018
8019
8020
8021
8022
8023
8024
8026
8027
8028
8029
8030
8032
8033
8034
8036
8037
8038
8040
8042
8044
8045
8047
8049
8051
8052
8053
8054
8055
8056
8057
8059
8060
8061
8063
8064
8065
8066
8068
8069
8070
8071
8075
8076
8077
8079
8080
8081
8082
8084
8086
8087
8088
8091
8094
8095
8097
8098
8099
8100
8102
8103
8104
8105
8106
8107
8109
8111
8112
8113
8115
8117
8118
8119
8120
8121
8122
8123
8124
8125
8126
8127
8129
8131
8132
8134
8135
8137
8138
8140
8143
8144
8145
8146
8148
8150
8151
8152
8153
8154
8155
8156
8158
8162
8164
8166
8167
8169
8170
8171
8173
8174
8176
8177
8178
8182
8184
8185
8186
8188
8190
8191
8192
8193
8194
8195
8196
8197
8198
8199
8201
8202
8203
8204
8207
8208
8209
8210
8211
8213
8214
8215
8217
8218
8219
8220
8222
8223
8225
8226
8227
8229
8231
8232
8233
8234
8235
8238
8239
8240
8241
8242
8243
8245
8246
8250
8252
8253
8254
8255
8259
8260
8261
8265
8266
8267
8268
8269
8273
8274
8276
8280
8281
8282
8284
8285
8286
8287
8288
8289
8290
8292
8293
8294
8295
8297
8298
8302
8303
8304
8305
8306
8307
8308
8310
8311
8312
8313
8315
8317
8318
8322
8323
8324
8325
8327
8328
8329
8330
8332
8333
8334
8335
8336
8337
8338
8339
8340
8341
8342
8343
8344
8345
8346
8350
8351
8352
8354
8357
8358
8361
8362
8363
8364
8365
8366
8367
8369
8371
8373
8376
8377
8379
8380
8381
8383
8384
8385
8386
8387
8388
8389
8390
8391
8392
8394
8396
8397
8399
8400
8401
8402
8405
8406
8407
8409
8410
8411
8412
8413
8415
8416
8417
8418
8419
8420
8421
8423
8426
8427
8428
8430
8431
8432
8433
8434
8435
8436
8438
8439
8440
8443
8444
8446
8448
8450
8452
8453
8454
8455
8456
8457
8460
8461
8462
8463
8464
8465
8466
8468
8469
8470
8471
8472
8474
8475
8476
8477
8478
8480
8481
8482
8483
8484
8485
8486
8487
8488
8489
8490
8491
8492
8494
8495
8496
8498
8499
8500
8501
8502
8504
8505
8506
8507
8509
8510
8511
8512
8513
8515
8516
8517
8519
8520
8523
8524
8526
8527
8528
8529
8530
8533
8534
8535
8536
8539
8540
8541
8543
8545
8547
8548
8551
8552
8553
8554
8555
8556
8557
8559
8561
8562
8563
8564
8565
8566
8568
8569
8570
8574
8577
8578
8581
8582
8585
8586
8591
8592
8593
8595
8597
8598
8599
8601
8602
8604
8605
8608
8609
8610
8613
8615
8617
8618
8619
8620
8621
8623
8624
8625
8626
8627
8628
8629
8632
8633
8636
8637
8638
8639
8640
8642
8643
8644
8645
8646
8648
8649
8650
8652
8653
8656
8657
8658
8659
8660
8662
8663
8665
8668
8670
8672
8673
8674
8675
8677
8678
8680
8681
8682
8683
8684
8685
8686
8689
8691
8693
8695
8697
8698
8699
8700
8702
8703
8704
8705
8707
8708
8712
8714
8716
8717
8719
8720
8722
8724
8725
8727
8728
8729
8735
8737
8738
8739
8740
8742
8743
8744
8745
8746
8747
8749
8751
8753
8754
8755
8760
8762
8764
8765
8767
8769
8770
8771
8772
8773
8776
8779
8781
8782
8783
8784
8785
8786
8790
8792
8793
8794
8796
8797
8798
8799
8800
8801
8805
8806
8807
8808
8809
8812
8813
8814
8815
8816
8817
8818
8820
8823
8825
8826
8828
8831
8833
8835
8836
8837
8838
8841
8842
8844
8845
8847
8848
8849
8850
8851
8852
8853
8854
8855
8856
8857
8858
8860
8862
8863
8864
8866
8869
8870
8871
8872
8873
8874
8875
8876
8877
8878
8881
8882
8883
8884
8885
8886
8887
8889
8890
8891
8893
8894
8897
8900
8901
8902
8903
8904
8905
8906
8907
8908
8910
8911
8912
8913
8914
8915
8916
8918
8919
8920
8924
8925
8927
8928
8929
8930
8931
8932
8933
8934
8937
8938
8940
8941
8943
8945
8946
8949
8950
8951
8952
8953
8954
8961
8963
8964
8967
8968
8969
8970
8971
8972
8973
8974
8976
8977
8978
8979
8980
8981
8982
8983
8984
8989
8992
8995
8996
8997
8999
9000
9002
9003
9004
9005
9006
9007
9010
9011
9013
9014
9016
9017
9018
9019
9020
9022
9024
9027
9028
9029
9030
9031
9032
9035
9037
9038
9039
9040
9041
9042
9043
9044
9045
9046
9047
9048
9050
9052
9053
9054
9055
9057
9060
9061
9063
9064
9065
9066
9071
9074
9075
9076
9077
9078
9079
9082
9084
9085
9086
9087
9089
9090
9091
9095
9096
9097
9099
9100
9101
9103
9104
9108
9109
9110
9111
9112
9113
9114
9115
9116
9117
9118
9119
9121
9123
9124
9128
9129
9133
9134
9135
9137
9138
9139
9140
9141
9142
9144
9149
9150
9151
9152
9154
9155
9156
9157
9158
9159
9160
9163
9164
9166
9167
9168
9169
9170
9171
9173
9174
9176
9178
9180
9181
9183
9184
9185
9186
9188
9189
9190
9191
9192
9194
9195
9197
9201
9202
9203
9204
9206
9207
9209
9212
9213
9214
9215
9217
9218
9219
9220
9221
9222
9223
9226
9227
9228
9229
9230
9231
9232
9233
9235
9237
9238
9239
9240
9244
9245
9248
9249
9250
9252
9253
9254
9255
9257
9258
9259
9261
9262
9263
9265
9266
9268
9270
9272
9278
9279
9280
9281
9282
9283
9284
9285
9286
9287
9289
9290
9293
9296
9297
9298
9300
9301
9302
9303
9304
9305
9306
9307
9310
9311
9317
9318
9319
9321
9322
9324
9326
9328
9330
9331
9332
9334
9335
9337
9338
9340
9341
9343
9345
9347
9348
9350
9351
9352
9354
9357
9358
9361
9362
9363
9364
9365
9366
9367
9368
9370
9371
9373
9374
9376
9378
9379
9380
9381
9383
9385
9386
9387
9389
9391
9392
9393
9394
9395
9398
9399
9400
9401
9402
9403
9404
9405
9406
9407
9408
9410
9412
9413
9414
9415
9416
9417
9421
9422
9423
9425
9427
9429
9430
9431
9432
9433
9434
9435
9437
9439
9440
9442
9444
9445
9446
9447
9449
9450
9451
9452
9454
9455
9456
9457
9459
9460
9462
9463
9464
9465
9466
9467
9468
9469
9471
9473
9475
9476
9478
9479
9480
9481
9482
9483
9486
9487
9488
9490
9492
9493
9495
9496
9497
9498
9501
9503
9504
9506
9510
9511
9512
9513
9514
9515
9517
9518
9519
9520
9522
9523
9524
9525
9527
9532
9533
9534
9536
9537
9539
9540
9541
9542
9543
9544
9548
9550
9551
9552
9556
9558
9559
9560
9561
9563
9564
9565
9569
9571
9572
9573
9574
9575
9576
9580
9581
9584
9586
9588
9589
9590
9591
9593
9594
9596
9598
9599
9600
9601
9602
9603
9604
9605
9607
9608
9609
9610
9611
9612
9613
9615
9618
9619
9620
9623
9624
9625
9626
9630
9632
9635
9637
9639
9640
9641
9642
9646
9648
9649
9652
9653
9655
9657
9660
9662
9663
9664
9665
9666
9667
9668
9670
9671
9672
9673
9675
9676
9677
9679
9680
9681
9682
9684
9685
9686
9687
9688
9689
9690
9691
9693
9694
9695
9696
9698
9699
9701
9703
9704
9705
9707
9708
9710
9711
9712
9713
9714
9715
9716
9718
9720
9721
9722
9727
9728
9730
9731
9732
9733
9734
9735
9736
9738
9739
9742
9744
9746
9749
9750
9752
9757
9760
9761
9766
9767
9769
9770
9771
9773
9774
9775
9776
9777
9778
9779
9780
9781
9784
9785
9786
9787
9789
9790
9791
9798
9799
9800
9801
9802
9803
9806
9807
9810
9812
9813
9814
9815
9816
9818
9819
9821
9823
9824
9825
9826
9827
9833
9834
9835
9836
9837
9838
9839
9842
9843
9844
9845
9846
9847
9849
9850
9851
9852
9853
9854
9855
9856
9857
9859
9860
9861
9862
9865
9869
9870
9871
9872
9875
9877
9878
9880
9882
9883
9884
9886
9888
9892
9893
9895
9896
9897
9900
9903
9905
9908
9910
9911
9914
9915
9916
9919
9920
9922
9926
9931
9932
9933
9934
9936
9938
9939
9940
9941
9944
9945
9946
9948
9949
9952
9953
9956
9958
9959
9960
9961
9963
9966
9967
9968
9969
9970
9971
9973
9974
9976
9977
9978
9979
9982
9984
9985
9986
9988
9989
9990
9992
9994
9996
9997
9998
10000
10002
10003
10004
10005
10009
10010
10011
10013
10014
10015
10016
10017
10018
10022
10024
10027
10028
10029
10031
10032
10033
10035
10036
10039
10040
10041
10042
10044
10045
10046
10047
10049
10050
10054
10055
10057
10061
10062
10065
10069
10072
10074
10076
10077
10078
10079
10082
10083
10084
10086
10087
10090
10092
10094
10096
10098
10101
10102
10103
10104
10105
10106
10110
10113
10114
10115
10116
10117
10120
10121
10122
10123
10124
10125
10126
10128
10130
10131
10132
10135
10137
10138
10139
10140
10141
10142
10144
10145
10146
10151
10152
10153
10155
10156
10158
10159
10160
10163
10164
10166
10167
10168
10169
10172
10173
10174
10175
10178
10179
10183
10184
10185
10187
10189
10191
10192
10193
10194
10196
10197
10198
10199
10201
10202
10204
10206
10207
10208
10209
10210
10211
10212
10213
10217
10218
10220
10222
10223
10229
10230
10231
10232
10233
10234
10235
10236
10237
10239
10240
10242
10243
10244
10245
10246
10247
10248
10249
10250
10252
10253
10254
10255
10256
10258
10259
10262
10263
10264
10265
10266
10267
10268
10269
10270
10271
10272
10273
10274
10277
10278
10279
10281
10282
10284
10286
10287
10290
10291
10292
10297
10298
10300
10303
10304
10305
10306
10307
10308
10312
10313
10317
10318
10320
10321
10322
10323
10324
10326
10330
10331
10335
10336
10337
10338
10340
10341
10342
10343
10344
10345
10346
10348
10349
10350
10351
10352
10354
10356
10357
10358
10365
10368
10370
10371
10373
10376
10377
10378
10379
10380
10381
10382
10383
10385
10386
10388
10390
10391
10393
10399
10401
10402
10403
10404
10405
10407
10410
10412
10413
10416
10417
10418
10419
10420
10424
10425
10426
10427
10428
10429
10430
10431
10432
10434
10435
10438
10439
10440
10445
10446
10449
10451
10452
10453
10454
10455
10456
10457
10458
10460
10461
10462
10463
10464
10465
10467
10468
10470
10471
10472
10474
10475
10476
10478
10479
10480
10481
10482
10484
10485
10486
10487
10488
10489
10490
10491
10493
10495
10497
10498
10499
10500
10502
10503
10505
10506
10507
10509
10511
10512
10513
10514
10516
10517
10519
10520
10521
10523
10524
10525
10526
10527
10529
10530
10533
10534
10535
10536
10537
10538
10539
10541
10542
10543
10544
10545
10548
10549
10550
10551
10552
10553
10556
10557
10558
10560
10562
10563
10564
10565
10568
10569
10572
10573
10577
10579
10582
10583
10584
10587
10589
10590
10591
10593
10594
10597
10598
10600
10601
10602
10603
10604
10605
10606
10607
10611
10612
10614
10615
10616
10617
10619
10623
10624
10627
10629
10630
10631
10632
10633
10635
10636
10639
10640
10641
10642
10643
10644
10646
10647
10648
10649
10650
10652
10653
10654
10655
10657
10659
10660
10661
10663
10666
10669
10670
10672
10673
10675
10677
10678
10679
10680
10682
10684
10685
10686
10689
10690
10691
10694
10695
10696
10697
10698
10700
10701
10708
10709
10710
10712
10713
10715
10716
10717
10719
10720
10721
10722
10723
10724
10725
10727
10728
10729
10731
10732
10734
10735
10736
10737
10739
10740
10741
10744
10749
10751
10752
10753
10755
10756
10757
10758
10760
10764
10765
10766
10767
10770
10771
10772
10773
10774
10775
10776
10777
10778
10779
10781
10782
10784
10785
10786
10787
10788
10789
10790
10791
10793
10794
10796
10798
10799
10800
10804
10805
10806
10807
10808
10810
10811
10813
10814
10817
10818
10820
10824
10826
10827
10828
10829
10831
10832
10834
10835
10836
10839
10840
10841
10842
10844
10845
10849
10853
10854
10856
10857
10858
10859
10860
10861
10862
10863
10866
10867
10868
10869
10872
10874
10875
10876
10877
10879
10880
10882
10885
10887
10888
10889
10890
10892
10894
10895
10896
10897
10898
10900
10901
10903
10906
10910
10911
10913
10914
10917
10918
10919
10921
10922
10924
10925
10926
10929
10930
10931
10932
10933
10934
10936
10937
10939
10940
10941
10945
10949
10954
10958
10960
10961
10963
10964
10965
10966
10967
10971
10972
10973
10975
10976
10980
10985
10986
10989
10993
10994
10999
11000
11002
11004
11006
11008
11010
11012
11013
11015
11016
11017
11018
11020
11021
11022
11023
11024
11025
11026
11030
11031
11035
11036
11038
11039
11040
11041
11043
11044
11045
11047
11048
11051
11054
11055
11057
11058
11059
11060
11062
11064
11068
11069
11072
11073
11074
11076
11077
11078
11079
11084
11085
11086
11088
11089
11090
11091
11094
11095
11096
11097
11098
11099
11100
11101
11102
11103
11105
11106
11107
11108
11109
11113
11114
11116
11117
11120
11121
11122
11123
11125
11126
11128
11129
11130
11131
11132
11135
11136
11137
11140
11141
11142
11143
11144
11145
11148
11150
11151
11152
11153
11154
11155
11156
11158
11160
11161
11162
11164
11165
11166
11168
11169
11171
11173
11174
11176
11177
11178
11180
11182
11183
11184
11185
11188
11189
11190
11191
11192
11193
11198
11202
11203
11205
11206
11208
11212
11214
11216
11217
11218
11219
11220
11221
11222
11223
11227
11228
11229
11230
11232
11233
11234
11235
11236
11241
11242
11243
11244
11246
11247
11248
11250
11252
11253
11254
11256
11257
11261
11262
11263
11266
11268
11269
11270
11271
11272
11274
11277
11278
11282
11285
11286
11288
11290
11291
11292
11293
11294
11296
11297
11298
11299
11300
11301
11304
11307
11308
11310
11312
11313
11315
11316
11317
11319
11321
11322
11324
11329
11330
11332
11333
11334
11336
11337
11338
11339
11340
11341
11342
11343
11344
11345
11346
11348
11349
11351
11352
11354
11355
11358
11359
11360
11361
11362
11363
11365
11366
11367
11368
11369
11370
11371
11373
11376
11378
11379
11381
11382
11384
11385
11387
11388
11389
11390
11391
11394
11395
11396
11397
11398
11400
11401
11405
11406
11407
11408
11411
11415
11416
11419
11420
11421
11422
11423
11426
11428
11429
11430
11432
11433
11434
11435
11436
11437
11438
11439
11440
11441
11444
11446
11447
11450
11451
11452
11453
11454
11455
11456
11459
11461
11464
11465
11467
11468
11469
11470
11472
11474
11475
11477
11480
11482
11483
11484
11486
11488
11490
11491
11492
11493
11494
11495
11496
11497
11500
11501
11502
11506
11507
11509
11510
11511
11513
11514
11516
11517
11521
11523
11524
11525
11527
11528
11531
11532
11533
11537
11538
11540
11541
11543
11546
11549
11550
11551
11552
11553
11554
11555
11557
11559
11560
11561
11563
11564
11565
11566
11567
11568
11572
11573
11574
11576
11578
11579
11580
11581
11583
11585
11587
11590
11592
11595
11596
11597
11598
11599
11600
11602
11603
11605
11606
11607
11609
11610
11613
11615
11617
11618
11619
11620
11621
11622
11625
11626
11627
11628
11629
11633
11634
11636
11637
11639
11640
11641
11642
11643
11645
11651
11652
11653
11654
11655
11656
11657
11658
11659
11660
11661
11663
11664
11665
11666
11669
11672
11673
11676
11677
11679
11680
11683
11684
11687
11689
11690
11692
11693
11694
11696
11697
11698
11699
11701
11702
11703
11705
11706
11707
11708
11712
11715
11716
11717
11718
11719
11720
11721
11723
11725
11727
11729
11731
11733
11736
11737
11743
11744
11745
11746
11747
11750
11751
11752
11753
11754
11756
11758
11759
11764
11766
11767
11770
11774
11778
11779
11782
11783
11784
11785
11786
11788
11789
11791
11792
11795
11797
11798
11799
11801
11804
11805
11807
11808
11809
11810
11811
11813
11814
11815
11816
11817
11818
11819
11821
11822
11823
11828
11829
11831
11832
11833
11834
11835
11837
11839
11840
11842
11844
11845
11846
11847
11848
11851
11852
11855
11857
11863
11864
11865
11868
11869
11870
11874
11875
11876
11878
11879
11881
11882
11883
11884
11885
11886
11888
11889
11890
11892
11893
11894
11896
11900
11902
11903
11905
11906
11908
11910
11911
11912
11913
11914
11918
11919
11920
11921
11923
11926
11927
11928
11930
11933
11937
11938
11939
11941
11942
11943
11944
11945
11946
11947
11950
11951
11952
11954
11955
11956
11958
11960
11961
11962
11963
11966
11967
11968
11969
11971
11972
11974
11975
11976
11978
11982
11983
11984
11985
11986
11988
11990
11991
11992
11994
11995
11996
11998
11999
12000
12001
12002
12004
12006
12008
12010
12011
12013
12015
12017
12021
12022
12024
12025
12026
12030
12031
12033
12037
12039
12041
12044
12046
12050
12051
12052
12053
12055
12056
12059
12061
12062
12065
12066
12068
12069
12070
12073
12076
12077
12078
12079
12080
12082
12083
12084
12085
12088
12092
12093
12095
12096
12098
12099
12100
12102
12103
12104
12106
12109
12112
12113
12116
12117
12118
12120
12121
12124
12125
12126
12129
12130
12131
12134
12135
12136
12137
12140
12141
12142
12144
12145
12148
12149
12150
12151
12152
12155
12156
12157
12158
12159
12160
12161
12163
12164
12165
12167
12168
12169
12171
12174
12176
12177
12178
12180
12182
12183
12184
12185
12186
12190
12192
12193
12194
12196
12197
12198
12199
12200
12202
12203
12204
12205
12206
12207
12208
12210
12214
12215
12219
12220
12222
12226
12227
12228
12229
12230
12233
12234
12236
12237
12238
12241
12244
12247
12248
12249
12250
12252
12253
12254
12258
12260
12261
12263
12266
12268
12269
12271
12274
12275
12277
12278
12279
12281
12282
12283
12284
12285
12286
12287
12291
12292
12293
12297
12298
12300
12301
12304
12305
12306
12307
12308
12309
12310
12311
12313
12314
12315
12316
12320
12321
12322
12323
12326
12327
12331
12332
12335
12336
12339
12342
12345
12346
12347
12348
12350
12351
12354
12355
12356
12359
12360
12361
12363
12364
12365
12366
12368
12373
12375
12376
12378
12379
12381
12383
12386
12387
12388
12389
12390
12391
12392
12395
12396
12397
12398
12399
12401
12404
12405
12406
12407
12408
12410
12414
12415
12417
12418
12419
12420
12421
12422
12423
12426
12427
12429
12431
12432
12433
12436
12439
12441
12442
12443
12444
12447
12448
12449
12450
12451
12452
12453
12454
12456
12458
12459
12460
12461
12462
12463
12465
12468
12470
12471
12472
12474
12476
12477
12478
12481
12482
12483
12484
12485
12486
12488
12489
12490
12493
12495
12497
12501
12502
12503
12504
12506
12507
12509
12510
12511
12513
12514
12515
12516
12517
12518
12519
12521
12523
12524
12526
12528
12529
12531
12533
12534
12535
12536
12537
12538
12539
12540
12541
12542
12543
12547
12548
12549
12551
12552
12553
12555
12556
12557
12558
12561
12566
12567
12568
12570
12571
12572
12573
12583
12584
12585
12586
12587
12588
12590
12591
12593
12594
12597
12601
12603
12606
12607
12609
12610
12611
12612
12613
12614
12615
12616
12617
12618
12621
12622
12625
12626
12627
12629
12633
12634
12635
12636
12638
12639
12640
12641
12642
12643
12644
12647
12649
12650
12651
12652
12653
12654
12655
12656
12659
12661
12663
12664
12665
12668
12669
12672
12673
12674
12676
12680
12681
12682
12683
12688
12689
12694
12698
12701
12704
12705
12706
12711
12712
12713
12715
12717
12718
12719
12720
12721
12723
12726
12731
12732
12733
12735
12737
12738
12739
12740
12743
12744
12745
12747
12748
12750
12752
12753
12754
12755
12756
12757
12758
12759
12760
12761
12762
12763
12769
12770
12771
12772
12773
12774
12775
12778
12779
12780
12781
12784
12786
12787
12789
12791
12793
12794
12795
12797
12798
12799
12800
12801
12802
12803
12804
12805
12806
12807
12808
12809
12816
12817
12822
12823
12824
12826
12828
12829
12830
12832
12833
12836
12837
12838
12840
12841
12844
12845
12846
12847
12848
12849
12850
12851
12852
12854
12856
12857
12858
12859
12861
12863
12864
12865
12867
12869
12870
12871
12872
12874
12876
12878
12880
12884
12887
12888
12891
12893
12895
12896
12897
12898
12899
12901
12904
12906
12908
12909
12910
12911
12912
12914
12915
12917
12918
12919
12920
12922
12923
12924
12927
12928
12930
12931
12932
12933
12935
12937
12938
12939
12941
12942
12944
12945
12946
12949
12951
12952
12954
12955
12957
12959
12960
12961
12962
12963
12964
12965
12967
12968
12971
12974
12976
12977
12980
12981
12982
12983
12987
12988
12991
12993
12995
12996
12998
12999
13000
13001
13003
13004
13005
13006
13009
13013
13014
13015
13016
13017
13018
13019
13021
13022
13024
13026
13029
13030
13031
13033
13035
13038
13040
13041
13043
13045
13046
13047
13048
13049
13051
13053
13056
13057
13059
13060
13061
13062
13063
13064
13065
13067
13068
13071
13072
13073
13075
13077
13080
13081
13082
13084
13085
13086
13087
13089
13090
13091
13092
13093
13094
13095
13096
13097
13099
13100
13101
13102
13104
13105
13106
13108
13109
13110
13114
13116
13117
13120
13121
13122
13123
13125
13126
13127
13128
13135
13136
13138
13139
13140
13142
13144
13145
13146
13148
13150
13153
13154
13156
13157
13158
13159
13161
13164
13166
13168
13170
13171
13173
13176
13177
13178
13179
13180
13181
13183
13184
13185
13187
13188
13190
13193
13194
13196
13197
13201
13202
13204
13205
13207
13208
13211
13212
13218
13219
13222
13224
13226
13227
13228
13229
13230
13232
13233
13234
13235
13236
13237
13238
13239
13240
13244
13245
13248
13249
13250
13253
13254
13255
13258
13260
13262
13263
13264
13265
13266
13271
13272
13273
13276
13278
13280
13281
13282
13285
13293
13295
13299
13301
13305
13306
13307
13308
13309
13311
13312
13315
13316
13317
13319
13320
13322
13323
13324
13325
13326
13328
13329
13330
13331
13332
13333
13336
13337
13338
13340
13341
13343
13346
13347
13348
13352
13355
13357
13358
13359
13362
13363
13364
13365
13366
13367
13368
13371
13372
13373
13375
13376
13377
13378
13379
13380
13382
13383
13385
13388
13389
13392
13395
13398
13399
13400
13402
13406
13407
13408
13409
13411
13412
13413
13414
13416
13418
13419
13421
13424
13425
13427
13428
13430
13433
13434
13435
13437
13438
13439
13441
13442
13443
13445
13447
13449
13450
13451
13452
13453
13454
13455
13456
13457
13458
13459
13460
13464
13468
13469
13471
13474
13475
13477
13479
13480
13481
13482
13483
13484
13485
13486
13487
13491
13492
13493
13495
13496
13497
13498
13501
13502
13504
13507
13508
13511
13513
13514
13515
13518
13519
13520
13522
13523
13527
13528
13529
13530
13534
13538
13539
13540
13542
13543
13544
13548
13550
13552
13553
13554
13555
13556
13557
13558
13561
13562
13563
13565
13567
13569
13570
13571
13572
13573
13574
13575
13576
13578
13579
13580
13581
13582
13587
13589
13590
13591
13592
13593
13595
13596
13600
13604
13608
13609
13610
13611
13613
13615
13616
13618
13620
13621
13625
13626
13627
13630
13631
13632
13633
13635
13640
13643
13646
13647
13648
13649
13653
13654
13657
13658
13660
13661
13663
13665
13666
13668
13669
13671
13673
13674
13675
13676
13680
13681
13684
13689
13690
13693
13696
13697
13698
13699
13701
13702
13709
13711
13712
13713
13714
13716
13717
13718
13721
13722
13723
13724
13725
13726
13727
13728
13729
13730
13731
13732
13733
13734
13736
13742
13744
13745
13746
13747
13748
13749
13750
13753
13754
13758
13759
13760
13761
13762
13764
13766
13767
13769
13771
13772
13773
13775
13778
13779
13781
13783
13787
13789
13791
13792
13793
13795
13799
13801
13805
13806
13808
13809
13810
13813
13817
13818
13819
13822
13827
13830
13831
13832
13833
13834
13835
13838
13840
13841
13842
13846
13847
13849
13851
13852
13853
13854
13855
13856
13859
13860
13861
13863
13865
13866
13868
13870
13874
13875
13876
13878
13879
13880
13881
13884
13885
13887
13888
13890
13891
13892
13893
13895
13897
13898
13899
13900
13901
13902
13906
13907
13908
13910
13911
13912
13914
13915
13917
13918
13920
13921
13924
13926
13928
13932
13933
13934
13935
13936
13938
13940
13942
13944
13945
13946
13949
13954
13959
13961
13963
13964
13966
13968
13969
13970
13972
13974
13975
13976
13977
13983
13984
13985
13987
13988
13989
13990
13991
13992
13993
13995
13996
13999
14000
14002
14005
14006
14008
14009
14010
14012
14014
14016
14018
14019
14020
14022
14023
14025
14026
14029
14034
14036
14037
14038
14040
14041
14042
14045
14046
14047
14053
14054
14058
14060
14061
14063
14066
14067
14070
14072
14074
14075
14078
14079
14081
14083
14084
14085
14086
14087
14089
14090
14091
14092
14093
14094
14095
14103
14107
14109
14110
14111
14114
14115
14116
14118
14120
14121
14122
14127
14129
14130
14131
14133
14134
14135
14137
14138
14141
14142
14143
14144
14145
14147
14149
14151
14154
14156
14157
14159
14160
14163
14164
14166
14167
14168
14169
14170
14171
14173
14174
14175
14176
14178
14179
14180
14181
14183
14184
14185
14188
14191
14192
14193
14194
14195
14201
14203
14204
14205
14206
14208
14209
14211
14212
14213
14215
14217
14218
14223
14226
14227
14228
14229
14230
14231
14234
14235
14237
14238
14239
14240
14241
14242
14245
14246
14247
14249
14250
14255
14257
14259
14260
14262
14263
14265
14268
14269
14270
14271
14272
14273
14274
14276
14279
14280
14281
14282
14283
14284
14287
14288
14289
14290
14292
14293
14294
14296
14299
14300
14302
14305
14306
14307
14312
14313
14314
14315
14318
14320
14322
14325
14326
14328
14330
14333
14334
14335
14336
14338
14339
14340
14341
14342
14344
14345
14346
14348
14351
14352
14356
14358
14359
14362
14363
14365
14367
14369
14375
14377
14378
14381
14382
14387
14388
14389
14390
14392
14393
14394
14397
14399
14400
14403
14406
14408
14410
14412
14413
14415
14416
14418
14419
14420
14421
14422
14426
14427
14428
14430
14431
14432
14435
14436
14437
14441
14442
14444
14447
14448
14450
14453
14454
14455
14456
14457
14458
14459
14461
14463
14464
14465
14466
14467
14469
14470
14471
14472
14475
14476
14478
14479
14480
14481
14484
14486
14488
14490
14493
14495
14496
14497
14498
14499
14500
14501
14502
14505
14506
14511
14512
14513
14514
14516
14517
14518
14519
14527
14529
14533
14534
14536
14537
14540
14541
14542
14543
14546
14547
14549
14552
14554
14555
14557
14558
14559
14560
14561
14563
14570
14571
14572
14573
14575
14578
14580
14581
14583
14585
14586
14588
14589
14590
14591
14593
14594
14596
14597
14599
14600
14601
14602
14603
14606
14607
14608
14609
14611
14612
14613
14615
14616
14617
14619
14620
14623
14627
14628
14629
14631
14634
14636
14639
14642
14643
14644
14645
14647
14648
14652
14656
14657
14658
14661
14663
14665
14670
14672
14673
14674
14676
14677
14678
14679
14680
14681
14683
14687
14688
14689
14691
14693
14695
14697
14698
14700
14701
14704
14705
14706
14707
14709
14710
14711
14712
14713
14714
14717
14718
14722
14726
14730
14731
14733
14735
14736
14737
14738
14739
14741
14742
14743
14744
14745
14746
14748
14752
14753
14756
14758
14759
14760
14761
14762
14763
14764
14765
14767
14768
14770
14772
14774
14775
14778
14780
14782
14783
14786
14788
14789
14790
14791
14792
14795
14799
14800
14801
14802
14803
14804
14807
14808
14810
14811
14815
14817
14818
14819
14820
14821
14824
14825
14826
14827
14828
14829
14830
14831
14832
14833
14834
14835
14836
14838
14840
14841
14844
14845
14849
14850
14852
14853
14855
14856
14857
14858
14859
14861
14862
14864
14865
14867
14868
14870
14871
14872
14873
14880
14881
14882
14884
14885
14886
14887
14889
14890
14891
14893
14898
14903
14904
14908
14909
14910
14911
14912
14913
14916
14920
14921
14922
14926
14928
14930
14931
14932
14933
14934
14935
14936
14937
14938
14939
14940
14943
14944
14946
14947
14949
14951
14952
14953
14955
14958
14959
14960
14963
14967
14970
14971
14972
14973
14975
14976
14977
14979
14980
14981
14982
14983
14984
14986
14987
14988
14989
14991
14992
14993
14995
14996
14999
15001
15002
15003
15005
15006
15011
15014
15015
15016
15019
15020
15023
15024
15025
15028
15029
15030
15031
15035
15036
15038
15039
15040
15041
15043
15046
15047
15048
15049
15052
15055
15056
15057
15058
15059
15060
15065
15067
15069
15070
15074
15076
15077
15078
15081
15083
15085
15087
15088
15089
15090
15092
15094
15095
15097
15099
15103
15104
15105
15106
15107
15108
15110
15112
15113
15117
15119
15120
15122
15123
15124
15125
15127
15128
15129
15130
15131
15132
15133
15135
15137
15139
15142
15144
15146
15147
15149
15152
15153
15156
15158
15161
15162
15164
15166
15167
15170
15172
15173
15174
15175
15176
15177
15181
15190
15191
15192
15193
15194
15196
15200
15201
15202
15203
15204
15205
15209
15210
15212
15214
15215
15217
15218
15220
15222
15226
15227
15228
15229
15230
15232
15234
15235
15236
15237
15238
15239
15240
15243
15244
15245
15246
15247
15250
15251
15252
15254
15257
15260
15261
15262
15264
15265
15268
15269
15271
15272
15275
15277
15278
15279
15282
15285
15286
15288
15289
15291
15292
15293
15295
15296
15303
15305
15306
15308
15310
15311
15312
15314
15315
15316
15317
15319
15322
15323
15324
15325
15327
15331
15332
15333
15335
15336
15338
15339
15340
15341
15346
15348
15350
15352
15354
15361
15363
15364
15365
15367
15374
15375
15380
15382
15383
15384
15388
15390
15391
15393
15394
15396
15397
15399
15402
15403
15405
15407
15408
15412
15414
15416
15417
15418
15420
15424
15425
15426
15427
15429
15432
15433
15436
15437
15439
15440
15443
15444
15445
15448
15451
15452
15455
15458
15462
15463
15465
15468
15470
15471
15473
15477
15482
15484
15485
15486
15487
15488
15491
15492
15493
15494
15495
15496
15499
15503
15505
15506
15511
15513
15515
15516
15518
15519
15521
15522
15525
15526
15527
15528
15529
15530
15531
15532
15533
15535
15537
15540
15541
15544
15545
15551
15552
15553
15554
15558
15560
15561
15562
15563
15564
15565
15569
15572
15573
15574
15575
15576
15578
15579
15580
15582
15588
15589
15591
15592
15594
15596
15597
15598
15599
15600
15601
15603
15605
15606
15607
15608
15609
15610
15612
15613
15614
15615
15617
15620
15623
15624
15625
15626
15628
15631
15632
15633
15634
15636
15637
15641
15644
15645
15647
15648
15649
15651
15653
15654
15659
15661
15662
15663
15664
15669
15670
15673
15675
15676
15678
15679
15680
15681
15683
15686
15687
15688
15693
15694
15695
15698
15700
15702
15703
15705
15706
15707
15711
15714
15715
15716
15717
15721
15722
15723
15724
15725
15728
15731
15732
15733
15734
15735
15736
15738
15739
15740
15742
15745
15746
15747
15748
15749
15750
15751
15752
15754
15756
15761
15765
15766
15767
15768
15769
15772
15773
15774
15775
15777
15780
15782
15783
15784
15786
15787
15788
15793
15796
15802
15803
15804
15806
15808
15809
15810
15811
15813
15814
15816
15817
15818
15822
15823
15828
15832
15833
15834
15837
15838
15840
15841
15842
15843
15844
15848
15849
15851
15855
15856
15859
15860
15862
15866
15867
15869
15873
15874
15875
15876
15878
15879
15881
15883
15885
15886
15891
15892
15893
15894
15895
15896
15897
15898
15899
15900
15904
15906
15909
15910
15911
15912
15915
15917
15919
15920
15921
15922
15923
15924
15925
15926
15927
15934
15936
15941
15944
15946
15948
15949
15950
15951
15955
15957
15958
15959
15960
15961
15963
15965
15966
15967
15970
15974
15977
15979
15981
15982
15984
15985
15987
15988
15989
15990
15992
15996
15997
15999
16000
16002
16004
16007
16009
16010
16012
16014
16015
16017
16018
16020
16021
16022
16023
16025
16026
16027
16028
16029
16030
16031
16032
16035
16036
16037
16043
16045
16047
16048
16050
16051
16052
16053
16057
16060
16061
16062
16063
16064
16066
16067
16068
16069
16070
16075
16076
16078
16080
16082
16087
16088
16089
16091
16092
16093
16094
16096
16097
16098
16099
16100
16101
16102
16103
16105
16106
16107
16109
16110
16111
16113
16114
16115
16118
16120
16126
16127
16129
16130
16131
16133
16134
16136
16137
16138
16139
16140
16142
16143
16144
16146
16147
16149
16150
16152
16153
16155
16157
16162
16163
16164
16165
16166
16167
16168
16169
16170
16171
16172
16173
16175
16176
16178
16179
16182
16184
16185
16186
16187
16190
16195
16197
16198
16200
16201
16202
16204
16205
16208
16209
16211
16213
16215
16218
16219
16222
16224
16228
16229
16230
16231
16232
16233
16234
16235
16236
16238
16239
16242
16243
16244
16246
16248
16249
16250
16251
16253
16261
16262
16263
16267
16270
16275
16277
16278
16279
16280
16282
16283
16284
16289
16290
16296
16297
16298
16300
16303
16305
16306
16307
16308
16310
16311
16315
16317
16319
16323
16324
16327
16328
16329
16330
16331
16332
16335
16336
16337
16338
16340
16343
16345
16346
16348
16349
16350
16352
16353
16354
16355
16357
16358
16359
16360
16365
16366
16367
16371
16375
16376
16382
16383
16384
16387
16388
16389
16392
16393
16395
16398
16399
16401
16402
16403
16405
16406
16408
16409
16410
16411
16412
16413
16415
16416
16419
16421
16422
16423
16424
16427
16429
16430
16431
16432
16433
16434
16436
16439
16440
16441
16442
16443
16444
16448
16450
16451
16453
16454
16455
16456
16457
16463
16465
16466
16468
16473
16474
16475
16476
16477
16478
16484
16487
16488
16489
16491
16492
16494
16496
16498
16501
16503
16504
16505
16506
16507
16508
16509
16511
16513
16515
16517
16519
16521
16522
16524
16525
16526
16531
16532
16534
16536
16538
16540
16541
16542
16543
16545
16546
16547
16548
16549
16550
16552
16553
16556
16560
16561
16563
16566
16568
16569
16570
16572
16576
16577
16578
16580
16583
16585
16586
16587
16589
16592
16594
16595
16598
16599
16600
16602
16603
16604
16607
16609
16610
16612
16613
16614
16617
16618
16620
16621
16623
16627
16628
16629
16632
16635
16637
16639
16640
16641
16643
16645
16648
16651
16657
16659
16661
16662
16665
16666
16670
16672
16673
16674
16676
16677
16679
16681
16682
16684
16686
16687
16688
16689
16691
16693
16695
16696
16697
16698
16699
16701
16706
16708
16709
16710
16712
16713
16716
16717
16718
16719
16720
16722
16723
16724
16725
16727
16728
16731
16732
16735
16738
16739
16740
16742
16743
16744
16746
16747
16748
16751
16753
16756
16757
16760
16762
16764
16765
16766
16770
16771
16777
16778
16779
16781
16782
16784
16785
16788
16789
16792
16793
16796
16798
16799
16802
16803
16804
16807
16808
16810
16812
16814
16817
16818
16819
16820
16821
16822
16826
16827
16828
16829
16832
16836
16845
16847
16849
16850
16852
16853
16855
16856
16857
16863
16864
16866
16867
16868
16870
16872
16873
16874
16876
16878
16879
16880
16881
16883
16884
16887
16888
16890
16891
16892
16893
16894
16896
16897
16898
16902
16904
16905
16908
16909
16911
16913
16915
16916
16917
16920
16922
16923
16928
16929
16932
16933
16935
16937
16940
16941
16943
16944
16950
16952
16953
16954
16958
16959
16960
16961
16964
16966
16970
16971
16973
16974
16976
16979
16980
16981
16982
16983
16984
16985
16988
16989
16991
16993
16998
16999
17000
17002
17003
17005
17008
17009
17016
17017
17019
17020
17022
17023
17024
17027
17030
17031
17032
17034
17039
17040
17041
17043
17045
17049
17051
17052
17053
17055
17057
17058
17060
17061
17063
17064
17065
17066
17068
17070
17071
17072
17075
17077
17078
17079
17081
17082
17083
17087
17088
17089
17090
17091
17093
17094
17096
17097
17098
17099
17101
17102
17106
17107
17109
17110
17111
17113
17118
17120
17125
17126
17128
17129
17131
17132
17133
17134
17140
17141
17142
17143
17146
17147
17149
17151
17153
17154
17155
17157
17158
17162
17163
17165
17166
17167
17168
17169
17171
17172
17173
17175
17177
17180
17181
17184
17185
17187
17188
17189
17190
17191
17192
17193
17198
17199
17200
17203
17204
17205
17206
17207
17208
17210
17211
17216
17219
17220
17221
17223
17225
17227
17228
17230
17232
17234
17235
17236
17238
17239
17240
17241
17243
17244
17245
17248
17249
17251
17252
17253
17254
17257
17261
17264
17265
17266
17267
17270
17272
17273
17275
17278
17280
17281
17284
17285
17287
17288
17289
17290
17291
17292
17294
17295
17296
17297
17299
17300
17302
17304
17305
17308
17309
17310
17311
17312
17313
17314
17315
17316
17318
17319
17321
17323
17324
17325
17326
17328
17330
17333
17338
17345
17346
17349
17350
17352
17353
17354
17356
17357
17358
17360
17363
17364
17366
17367
17368
17375
17376
17377
17378
17381
17384
17385
17386
17387
17388
17389
17391
17393
17394
17395
17397
17401
17402
17407
17414
17415
17416
17420
17422
17425
17427
17429
17430
17432
17434
17435
17439
17440
17443
17444
17447
17448
17450
17453
17454
17457
17459
17461
17463
17465
17466
17467
17470
17471
17474
17476
17480
17481
17482
17483
17485
17487
17488
17489
17491
17492
17494
17495
17496
17498
17500
17501
17503
17504
17506
17507
17508
17509
17510
17511
17513
17514
17515
17517
17519
17521
17529
17530
17531
17533
17535
17538
17539
17540
17545
17548
17551
17553
17554
17556
17557
17558
17559
17560
17561
17562
17563
17564
17567
17568
17572
17573
17575
17576
17577
17578
17579
17582
17583
17584
17587
17588
17589
17591
17592
17593
17596
17597
17598
17599
17600
17601
17602
17603
17604
17605
17606
17607
17610
17614
17615
17616
17617
17619
17621
17622
17625
17626
17627
17628
17629
17631
17633
17634
17637
17638
17639
17640
17642
17643
17645
17646
17648
17653
17654
17655
17657
17658
17661
17664
17666
17668
17669
17670
17671
17672
17673
17676
17677
17678
17679
17680
17681
17682
17683
17685
17686
17689
17690
17691
17695
17696
17697
17699
17701
17702
17703
17704
17706
17708
17710
17711
17714
17720
17721
17722
17723
17724
17726
17727
17732
17733
17735
17736
17739
17741
17742
17743
17745
17748
17749
17750
17752
17754
17756
17758
17759
17761
17762
17763
17765
17767
17771
17773
17774
17775
17776
17779
17784
17787
17788
17789
17790
17791
17793
17795
17796
17797
17798
17799
17800
17802
17803
17806
17807
17809
17810
17812
17814
17818
17820
17821
17822
17825
17826
17827
17828
17831
17832
17833
17835
17836
17839
17845
17849
17851
17852
17853
17855
17856
17860
17861
17863
17865
17866
17867
17869
17870
17872
17873
17877
17878
17880
17881
17882
17883
17884
17886
17887
17888
17892
17896
17898
17904
17907
17908
17911
17912
17914
17916
17921
17922
17923
17925
17926
17927
17931
17933
17935
17936
17940
17942
17943
17950
17951
17952
17953
17954
17955
17957
17958
17959
17960
17961
17963
17964
17967
17968
17969
17971
17972
17973
17974
17975
17976
17978
17981
17982
17983
17985
17986
17987
17991
17997
17998
18001
18002
18003
18004
18005
18006
18007
18008
18009
18013
18014
18016
18018
18020
18021
18022
18023
18027
18029
18034
18035
18036
18037
18038
18039
18040
18041
18042
18043
18046
18047
18048
18049
18050
18052
18054
18056
18057
18058
18060
18061
18064
18066
18068
18069
18072
18073
18074
18075
18076
18077
18078
18080
18082
18083
18084
18085
18086
18087
18088
18089
18090
18091
18093
18094
18095
18097
18098
18099
18100
18101
18106
18107
18108
18109
18114
18115
18116
18117
18120
18124
18126
18128
18131
18133
18134
18135
18137
18138
18139
18140
18141
18142
18143
18144
18145
18146
18147
18148
18149
18150
18155
18156
18157
18158
18160
18162
18163
18165
18166
18167
18168
18169
18171
18172
18174
18175
18176
18177
18178
18183
18184
18185
18187
18188
18189
18191
18192
18193
18194
18196
18197
18198
18200
18202
18203
18204
18205
18206
18207
18209
18211
18213
18214
18217
18223
18229
18231
18232
18233
18234
18235
18236
18237
18238
18239
18240
18241
18243
18244
18248
18249
18251
18252
18253
18254
18255
18258
18259
18260
18261
18263
18264
18266
18268
18270
18271
18274
18278
18279
18282
18284
18287
18289
18290
18291
18293
18295
18296
18297
18303
18304
18305
18306
18307
18308
18309
18310
18315
18316
18318
18319
18320
18322
18324
18328
18329
18331
18333
18334
18335
18336
18337
18343
18344
18348
18349
18351
18352
18354
18356
18358
18365
18368
18369
18370
18374
18375
18377
18378
18379
18382
18384
18385
18387
18388
18389
18391
18392
18393
18394
18395
18396
18397
18398
18400
18402
18403
18404
18409
18411
18412
18413
18414
18420
18421
18422
18423
18424
18426
18427
18428
18430
18431
18432
18433
18435
18436
18439
18444
18447
18448
18450
18451
18452
18453
18456
18457
18458
18459
18460
18461
18463
18464
18465
18467
18468
18469
18470
18471
18473
18475
18476
18477
18478
18479
18480
18483
18484
18486
18488
18489
18494
18496
18498
18499
18500
18504
18505
18506
18507
18508
18511
18513
18514
18516
18517
18518
18520
18522
18523
18524
18526
18527
18530
18532
18533
18535
18537
18538
18539
18541
18542
18543
18545
18546
18547
18548
18550
18553
18554
18556
18557
18559
18561
18562
18563
18564
18565
18567
18569
18570
18571
18574
18575
18576
18581
18583
18585
18588
18591
18592
18593
18594
18599
18600
18601
18602
18603
18605
18606
18607
18608
18609
18610
18612
18613
18615
18616
18617
18623
18624
18626
18627
18631
18632
18635
18636
18637
18638
18639
18641
18642
18643
18645
18646
18647
18648
18650
18652
18653
18654
18659
18660
18661
18662
18664
18665
18666
18670
18671
18674
18675
18676
18677
18678
18679
18682
18683
18684
18685
18686
18687
18690
18691
18692
18693
18694
18698
18702
18704
18705
18706
18708
18709
18712
18713
18715
18716
18717
18718
18720
18721
18722
18723
18724
18725
18726
18729
18730
18733
18734
18735
18737
18738
18739
18740
18744
18748
18749
18752
18754
18755
18756
18758
18760
18764
18765
18766
18767
18769
18771
18772
18773
18774
18775
18778
18779
18781
18783
18785
18786
18788
18790
18791
18792
18794
18795
18798
18802
18804
18805
18808
18809
18815
18816
18818
18819
18820
18821
18826
18830
18831
18833
18834
18835
18836
18839
18840
18845
18849
18850
18854
18856
18858
18861
18862
18863
18864
18865
18866
18867
18869
18870
18872
18873
18877
18880
18881
18884
18886
18887
18889
18890
18892
18895
18896
18897
18898
18900
18904
18905
18908
18909
18910
18911
18912
18913
18915
18916
18919
18921
18922
18931
18933
18935
18936
18937
18939
18940
18941
18943
18944
18945
18946
18948
18949
18952
18953
18954
18957
18958
18959
18960
18961
18964
18966
18967
18970
18971
18973
18974
18978
18979
18980
18982
18985
18986
18987
18988
18989
18990
18991
18992
18995
18998
19001
19003
19007
19008
19012
19013
19014
19015
19018
19019
19020
19022
19024
19025
19026
19030
19033
19034
19036
19037
19038
19039
19040
19043
19044
19047
19048
19049
19050
19051
19052
19053
19054
19056
19057
19058
19059
19060
19061
19062
19065
19066
19068
19069
19070
19072
19073
19074
19076
19077
19079
19080
19083
19084
19087
19088
19090
19092
19094
19095
19096
19097
19098
19099
19100
19101
19102
19103
19104
19106
19107
19108
19113
19114
19116
19119
19120
19121
19122
19123
19124
19132
19133
19137
19138
19139
19140
19141
19142
19144
19145
19146
19147
19148
19149
19150
19151
19152
19153
19154
19157
19158
19159
19163
19166
19167
19168
19169
19171
19172
19174
19176
19177
19179
19181
19182
19183
19186
19188
19190
19191
19192
19194
19195
19196
19197
19200
19204
19207
19210
19212
19213
19214
19215
19217
19220
19221
19222
19223
19227
19228
19231
19232
19233
19234
19235
19236
19237
19239
19241
19242
19245
19246
19248
19249
19251
19252
19253
19254
19255
19257
19260
19261
19262
19263
19264
19265
19268
19269
19270
19274
19275
19276
19278
19280
19282
19285
19287
19288
19290
19292
19293
19294
19301
19303
19304
19305
19306
19308
19310
19312
19315
19317
19320
19322
19324
19329
19332
19333
19334
19335
19337
19338
19340
19342
19344
19345
19346
19347
19349
19350
19351
19352
19353
19354
19356
19361
19363
19364
19366
19368
19372
19373
19375
19379
19381
19382
19383
19386
19389
19392
19394
19395
19396
19397
19398
19401
19403
19404
19406
19407
19408
19409
19411
19417
19418
19420
19421
19422
19423
19424
19425
19426
19427
19428
19432
19434
19435
19438
19442
19446
19447
19448
19449
19451
19454
19457
19459
19461
19462
19466
19468
19470
19471
19474
19480
19481
19482
19484
19487
19488
19489
19490
19492
19493
19494
19495
19498
19499
19500
19501
19503
19504
19505
19506
19507
19510
19511
19512
19515
19516
19518
19524
19525
19528
19529
19530
19531
19533
19534
19535
19536
19537
19542
19543
19548
19549
19551
19552
19553
19556
19558
19559
19560
19561
19562
19565
19566
19568
19569
19572
19573
19574
19576
19577
19579
19581
19583
19586
19588
19591
19592
19594
19595
19597
19601
19602
19605
19606
19611
19613
19617
19620
19621
19622
19623
19628
19629
19631
19633
19636
19638
19643
19646
19647
19649
19653
19654
19660
19662
19663
19664
19666
19667
19668
19669
19670
19671
19672
19673
19675
19677
19680
19681
19682
19684
19686
19689
19691
19692
19694
19695
19696
19697
19698
19699
19700
19704
19705
19707
19708
19710
19711
19712
19715
19716
19717
19719
19720
19722
19724
19726
19729
19730
19733
19735
19742
19743
19748
19749
19750
19752
19753
19755
19760
19765
19769
19772
19773
19775
19776
19781
19782
19784
19785
19786
19787
19788
19789
19790
19792
19793
19794
19796
19797
19799
19800
19802
19803
19804
19808
19811
19812
19813
19814
19815
19818
19820
19822
19823
19824
19825
19826
19829
19833
19835
19837
19839
19841
19843
19845
19848
19849
19850
19851
19855
19856
19857
19860
19861
19865
19866
19867
19868
19871
19873
19874
19875
19877
19878
19879
19882
19883
19884
19886
19887
19888
19889
19890
19891
19895
19896
19898
19899
19900
19902
19903
19905
19908
19911
19913
19914
19915
19916
19918
19919
19920
19922
19923
19926
19927
19929
19931
19933
19934
19936
19939
19941
19942
19943
19947
19950
19951
19952
19953
19954
19956
19960
19963
19964
19965
19973
19976
19977
19978
19979
19980
19982
19983
19984
19987
19992
19994
19996
19997
19998
20000
20002
20004
20005
20006
20007
20010
20011
20012
20014
20016
20017
20018
20019
20021
20022
20023
20025
20026
20028
20029
20032
20034
20036
20038
20040
20042
20045
20051
20052
20053
20057
20058
20059
20060
20064
20065
20066
20067
20068
20069
20070
20071
20073
20074
20075
20078
20079
20084
20086
20088
20090
20091
20092
20094
20098
20099
20100
20101
20103
20106
20107
20108
20110
20111
20112
20113
20117
20120
20121
20122
20125
20127
20128
20129
20130
20131
20132
20134
20135
20138
20139
20140
20142
20143
20146
20147
20148
20149
20151
20152
20156
20158
20159
20160
20161
20162
20165
20167
20168
20169
20170
20171
20172
20173
20174
20175
20180
20181
20182
20186
20188
20192
20193
20194
20195
20196
20199
20201
20203
20204
20205
20207
20208
20211
20212
20214
20215
20218
20219
20220
20226
20227
20228
20230
20231
20232
20233
20235
20236
20239
20243
20245
20249
20250
20254
20257
20260
20263
20264
20267
20269
20270
20271
20273
20275
20277
20278
20281
20284
20285
20286
20287
20288
20290
20292
20293
20306
20307
20309
20310
20311
20312
20316
20317
20318
20319
20321
20325
20327
20328
20329
20331
20332
20333
20335
20336
20337
20338
20340
20343
20347
20348
20352
20355
20359
20363
20364
20367
20368
20374
20375
20379
20380
20382
20383
20384
20385
20386
20387
20388
20391
20392
20395
20397
20398
20403
20404
20406
20407
20409
20411
20412
20413
20414
20415
20416
20417
20419
20420
20421
20422
20423
20424
20425
20428
20434
20437
20438
20443
20444
20446
20447
20450
20452
20453
20454
20456
20457
20459
20464
20466
20467
20468
20469
20470
20471
20472
20473
20476
20478
20479
20480
20481
20482
20483
20484
20485
20487
20490
20491
20494
20495
20496
20499
20500
20501
20502
20503
20505
20509
20510
20511
20512
20513
20514
20515
20516
20518
20522
20527
20535
20537
20538
20539
20541
20542
20543
20546
20547
20548
20551
20554
20555
20557
20560
20563
20568
20569
20573
20575
20583
20585
20586
20587
20588
20589
20590
20592
20596
20597
20598
20599
20600
20604
20606
20608
20609
20610
20611
20612
20613
20614
20615
20616
20617
20618
20619
20620
20621
20622
20623
20624
20627
20629
20631
20632
20635
20637
20639
20640
20645
20648
20649
20650
20651
20652
20653
20657
20658
20659
20660
20661
20662
20663
20664
20665
20667
20668
20670
20671
20672
20674
20675
20683
20684
20685
20688
20699
20701
20703
20706
20709
20710
20711
20715
20716
20717
20720
20723
20725
20726
20728
20729
20730
20731
20732
20735
20736
20737
20738
20739
20743
20747
20749
20752
20753
20754
20755
20756
20757
20758
20759
20764
20765
20767
20771
20772
20773
20774
20775
20777
20779
20780
20781
20782
20783
20784
20787
20788
20789
20790
20791
20792
20794
20795
20797
20798
20799
20801
20803
20804
20805
20808
20809
20812
20814
20816
20817
20818
20821
20825
20826
20829
20830
20832
20833
20836
20837
20843
20844
20846
20847
20850
20852
20853
20854
20855
20856
20857
20858
20861
20865
20866
20868
20869
20872
20874
20876
20878
20879
20881
20882
20884
20885
20887
20889
20891
20892
20893
20895
20898
20899
20901
20903
20904
20905
20906
20908
20911
20913
20915
20918
20920
20921
20922
20923
20924
20926
20928
20930
20932
20933
20934
20935
20939
20941
20945
20947
20950
20951
20952
20955
20956
20959
20960
20961
20965
20967
20968
20969
20970
20971
20972
20975
20976
20979
20983
20984
20986
20993
20994
20996
20997
21001
21004
21006
21008
21009
21015
21016
21018
21019
21021
21022
21024
21025
21029
21030
21034
21036
21038
21040
21041
21042
21044
21046
21047
21048
21049
21051
21054
21055
21057
21059
21062
21066
21067
21068
21070
21072
21074
21078
21079
21080
21081
21083
21084
21085
21087
21090
21091
21092
21094
21095
21098
21099
21100
21101
21103
21104
21105
21106
21109
21110
21111
21113
21114
21115
21116
21117
21118
21119
21122
21123
21124
21125
21126
21127
21128
21130
21131
21132
21133
21134
21135
21137
21138
21141
21143
21146
21150
21153
21156
21158
21163
21164
21165
21169
21172
21173
21176
21179
21180
21183
21184
21185
21187
21188
21190
21191
21192
21194
21197
21200
21201
21202
21204
21205
21207
21208
21209
21213
21215
21216
21217
21218
21219
21220
21223
21228
21231
21232
21234
21235
21237
21238
21241
21245
21246
21248
21249
21250
21251
21252
21254
21255
21256
21257
21258
21259
21260
21261
21262
21263
21264
21265
21267
21268
21269
21270
21271
21274
21275
21276
21278
21281
21284
21286
21288
21289
21291
21292
21295
21297
21298
21300
21301
21304
21306
21307
21311
21312
21314
21316
21317
21318
21320
21321
21322
21324
21325
21329
21330
21332
21333
21334
21339
21340
21345
21346
21350
21352
21353
21354
21356
21358
21360
21362
21368
21370
21371
21373
21374
21380
21382
21384
21385
21387
21388
21391
21394
21395
21397
21398
21399
21403
21405
21406
21407
21409
21410
21412
21413
21419
21421
21422
21426
21427
21428
21429
21431
21432
21433
21434
21436
21440
21443
21444
21446
21449
21451
21452
21453
21456
21458
21459
21460
21461
21463
21464
21466
21470
21473
21474
21475
21477
21478
21479
21482
21483
21484
21486
21490
21492
21493
21495
21496
21500
21502
21503
21504
21505
21511
21513
21516
21517
21520
21521
21527
21528
21530
21531
21532
21534
21538
21539
21541
21542
21546
21547
21550
21551
21557
21560
21561
21563
21565
21566
21568
21574
21575
21576
21577
21580
21581
21582
21583
21585
21586
21587
21588
21590
21596
21597
21599
21600
21602
21603
21605
21606
21607
21608
21610
21611
21612
21613
21616
21617
21619
21620
21622
21623
21627
21628
21630
21631
21632
21633
21634
21635
21637
21639
21640
21643
21645
21646
21648
21649
21652
21654
21655
21656
21657
21658
21660
21662
21664
21665
21666
21668
21671
21674
21678
21679
21680
21681
21682
21683
21684
21685
21690
21691
21692
21695
21696
21697
21698
21700
21701
21703
21704
21707
21708
21709
21711
21712
21714
21716
21717
21719
21721
21722
21727
21730
21734
21735
21736
21737
21738
21741
21744
21747
21748
21750
21751
21753
21754
21755
21756
21758
21760
21762
21764
21766
21767
21768
21769
21775
21776
21778
21779
21780
21784
21786
21789
21793
21798
21800
21801
21803
21808
21809
21810
21814
21815
21816
21817
21818
21819
21821
21823
21826
21827
21831
21832
21833
21835
21838
21840
21844
21845
21846
21850
21851
21853
21855
21857
21861
21867
21870
21871
21873
21875
21876
21877
21878
21883
21884
21886
21891
21892
21893
21896
21900
21901
21902
21903
21904
21906
21907
21909
21912
21914
21916
21921
21924
21926
21927
21929
21930
21931
21933
21934
21935
21936
21938
21939
21941
21943
21944
21948
21949
21953
21955
21957
21959
21960
21962
21966
21968
21969
21970
21972
21977
21982
21983
21987
21988
21991
21992
21993
21995
21996
21997
21998
21999
22000
22001
22002
22003
22005
22006
22008
22009
22014
22015
22021
22022
22023
22024
22026
22027
22028
22030
22033
22034
22035
22037
22038
22041
22042
22043
22044
22048
22049
22050
22053
22054
22057
22060
22062
22070
22071
22072
22076
22077
22078
22081
22082
22084
22087
22088
22089
22090
22094
22096
22099
22103
22104
22105
22107
22108
22109
22113
22114
22115
22116
22117
22120
22124
22125
22126
22127
22130
22132
22133
22134
22135
22136
22137
22139
22142
22143
22144
22145
22147
22149
22150
22151
22152
22156
22157
22158
22160
22161
22162
22163
22164
22165
22166
22168
22171
22174
22175
22176
22181
22183
22184
22185
22186
22187
22188
22191
22193
22194
22195
22196
22197
22199
22200
22201
22205
22207
22208
22209
22210
22211
22212
22213
22214
22217
22218
22219
22223
22226
22231
22232
22233
22235
22236
22237
22240
22241
22244
22246
22247
22248
22254
22255
22257
22259
22260
22262
22263
22265
22266
22267
22268
22270
22272
22273
22274
22275
22276
22277
22279
22282
22284
22285
22286
22287
22289
22290
22291
22292
22293
22294
22298
22299
22300
22301
22305
22307
22308
22312
22313
22315
22316
22317
22318
22321
22323
22324
22327
22328
22329
22330
22333
22335
22336
22337
22338
22339
22343
22345
22347
22351
22353
22356
22358
22359
22360
22362
22368
22369
22371
22372
22373
22374
22375
22378
22380
22382
22383
22384
22385
22387
22390
22391
22392
22394
22396
22397
22399
22401
22402
22405
22408
22409
22411
22412
22413
22415
22416
22417
22418
22419
22421
22423
22424
22425
22426
22427
22428
22430
22432
22433
22434
22437
22439
22440
22441
22442
22443
22445
22447
22449
22451
22452
22453
22459
22460
22461
22463
22464
22465
22466
22468
22469
22471
22472
22474
22476
22477
22478
22480
22481
22482
22484
22485
22486
22488
22491
22492
22493
22494
22495
22496
22497
22498
22499
22505
22506
22510
22513
22515
22516
22518
22519
22521
22522
22525
22526
22527
22528
22529
22530
22533
22534
22537
22538
22544
22545
22546
22547
22549
22550
22551
22552
22554
22555
22557
22559
22561
22563
22564
22567
22569
22572
22573
22575
22576
22577
22581
22583
22584
22588
22589
22591
22593
22595
22596
22598
22600
22602
22604
22605
22606
22608
22609
22610
22618
22619
22623
22625
22627
22628
22630
22632
22633
22635
22636
22641
22643
22646
22647
22649
22651
22654
22655
22656
22660
22661
22662
22663
22664
22665
22666
22670
22672
22673
22675
22676
22677
22679
22682
22685
22686
22687
22690
22693
22696
22700
22701
22703
22706
22707
22713
22715
22716
22717
22718
22723
22725
22730
22731
22735
22736
22737
22738
22739
22741
22742
22744
22746
22753
22756
22757
22760
22763
22766
22767
22770
22771
22772
22773
22776
22777
22778
22779
22782
22784
22786
22787
22788
22790
22793
22794
22796
22799
22800
22804
22806
22807
22809
22811
22814
22815
22816
22817
22819
22822
22823
22824
22825
22827
22828
22830
22833
22834
22835
22838
22839
22840
22841
22842
22846
22854
22855
22856
22857
22858
22863
22864
22865
22866
22867
22868
22869
22870
22871
22873
22875
22876
22880
22885
22887
22888
22889
22891
22892
22893
22897
22898
22900
22901
22903
22904
22905
22906
22907
22908
22911
22912
22914
22918
22921
22922
22924
22927
22929
22934
22936
22937
22940
22941
22944
22945
22947
22948
22949
22950
22952
22953
22957
22958
22960
22962
22963
22966
22967
22973
22975
22977
22979
22980
22982
22983
22984
22985
22990
22991
22992
22994
22995
22996
22997
22998
22999
23000
23003
23004
23005
23007
23009
23010
23011
23014
23016
23017
23021
23022
23025
23027
23030
23032
23035
23037
23038
23041
23043
23045
23050
23058
23059
23061
23064
23066
23067
23070
23073
23074
23075
23076
23081
23082
23083
23084
23086
23088
23093
23094
23095
23097
23098
23099
23102
23103
23104
23107
23110
23113
23116
23117
23120
23121
23122
23123
23128
23129
23133
23134
23135
23136
23140
23142
23143
23145
23146
23152
23153
23154
23155
23158
23159
23161
23163
23164
23165
23167
23168
23170
23172
23173
23174
23175
23176
23177
23178
23180
23182
23183
23185
23187
23189
23190
23191
23193
23194
23195
23197
23198
23199
23203
23204
23205
23206
23208
23209
23210
23211
23213
23214
23215
23218
23219
23220
23221
23222
23223
23225
23226
23227
23229
23232
23233
23235
23237
23240
23245
23246
23249
23252
23254
23255
23258
23260
23261
23263
23267
23268
23269
23270
23271
23272
23273
23274
23275
23276
23278
23279
23280
23283
23284
23285
23286
23287
23288
23291
23294
23297
23299
23301
23302
23304
23307
23308
23311
23312
23316
23320
23324
23325
23326
23327
23329
23330
23331
23334
23336
23339
23341
23343
23344
23346
23351
23352
23353
23354
23356
23358
23359
23364
23369
23371
23372
23373
23374
23377
23378
23379
23380
23381
23383
23384
23386
23389
23394
23395
23396
23397
23398
23399
23401
23402
23403
23405
23407
23410
23413
23414
23419
23422
23423
23424
23426
23431
23432
23437
23438
23439
23440
23442
23443
23447
23449
23450
23451
23452
23454
23456
23457
23459
23464
23466
23469
23470
23471
23472
23475
23476
23479
23481
23482
23483
23484
23485
23487
23489
23492
23494
23495
23497
23501
23502
23505
23511
23512
23513
23515
23517
23521
23522
23523
23525
23526
23527
23532
23533
23534
23535
23536
23538
23539
23540
23542
23543
23546
23547
23551
23553
23556
23560
23561
23562
23563
23564
23568
23570
23571
23572
23578
23579
23580
23585
23586
23587
23588
23589
23590
23595
23597
23598
23600
23601
23604
23606
23607
23608
23609
23611
23613
23614
23616
23619
23620
23622
23626
23629
23630
23631
23632
23634
23636
23639
23644
23647
23649
23652
23653
23655
23658
23659
23661
23662
23665
23667
23668
23669
23672
23673
23674
23675
23678
23679
23680
23681
23683
23684
23686
23688
23689
23692
23693
23695
23698
23699
23702
23704
23706
23708
23709
23713
23716
23717
23719
23720
23723
23724
23728
23729
23730
23735
23736
23738
23739
23740
23741
23742
23743
23746
23747
23748
23749
23750
23751
23752
23753
23755
23756
23757
23759
23762
23763
23765
23766
23767
23768
23769
23770
23772
23773
23774
23775
23776
23777
23779
23785
23786
23787
23791
23792
23793
23795
23796
23799
23800
23804
23809
23810
23812
23815
23816
23819
23820
23823
23825
23826
23828
23829
23831
23833
23834
23835
23836
23837
23838
23842
23843
23845
23846
23847
23848
23849
23850
23853
23855
23856
23857
23860
23861
23862
23864
23868
23870
23871
23872
23873
23874
23876
23877
23879
23880
23883
23886
23890
23891
23897
23898
23899
23900
23901
23907
23908
23910
23913
23914
23918
23919
23920
23926
23927
23928
23929
23930
23934
23936
23937
23938
23940
23944
23945
23946
23950
23951
23956
23957
23958
23959
23960
23961
23962
23963
23964
23967
23973
23975
23978
23980
23981
23984
23985
23987
23991
23994
23996
24001
24002
24007
24009
24011
24013
24014
24015
24016
24019
24021
24022
24023
24024
24026
24027
24029
24034
24036
24037
24039
24040
24041
24046
24047
24050
24051
24052
24057
24059
24060
24062
24064
24066
24068
24072
24073
24075
24076
24078
24080
24081
24082
24083
24086
24088
24089
24090
24091
24093
24095
24096
24101
24102
24103
24109
24110
24112
24113
24115
24116
24118
24119
24123
24124
24125
24126
24127
24129
24133
24137
24138
24140
24141
24142
24145
24146
24147
24148
24149
24150
24152
24156
24157
24160
24161
24163
24164
24165
24167
24171
24175
24179
24180
24187
24188
24191
24192
24194
24195
24197
24198
24199
24200
24201
24203
24205
24206
24207
24209
24214
24217
24219
24220
24221
24223
24224
24225
24228
24231
24233
24234
24235
24236
24237
24238
24239
24240
24241
24242
24244
24249
24251
24253
24254
24261
24262
24263
24264
24267
24268
24269
24270
24271
24272
24275
24276
24277
24278
24279
24281
24282
24284
24286
24288
24289
24294
24296
24298
24301
24302
24303
24304
24307
24308
24309
24313
24314
24315
24316
24318
24319
24322
24323
24326
24328
24329
24331
24332
24333
24335
24337
24339
24340
24347
24348
24349
24350
24353
24354
24355
24358
24364
24365
24366
24367
24368
24370
24372
24373
24374
24375
24379
24380
24381
24382
24383
24385
24386
24387
24388
24389
24391
24393
24395
24396
24397
24398
24401
24402
24409
24410
24412
24413
24414
24416
24418
24419
24423
24424
24425
24427
24429
24434
24435
24437
24438
24439
24441
24443
24446
24447
24448
24450
24455
24458
24460
24461
24463
24464
24468
24469
24471
24477
24479
24480
24481
24482
24486
24489
24490
24491
24493
24494
24495
24496
24497
24499
24501
24502
24505
24507
24508
24509
24514
24517
24518
24521
24523
24524
24526
24528
24529
24530
24531
24533
24534
24537
24543
24544
24545
24546
24547
24550
24554
24556
24557
24559
24560
24561
24562
24564
24568
24569
24572
24574
24576
24577
24578
24579
24580
24581
24582
24583
24587
24589
24590
24593
24597
24598
24599
24600
24602
24605
24606
24608
24612
24615
24616
24617
24618
24621
24629
24632
24634
24635
24636
24637
24638
24639
24640
24642
24644
24646
24648
24649
24651
24652
24654
24655
24656
24657
24658
24660
24661
24662
24665
24666
24670
24671
24674
24676
24677
24678
24679
24681
24685
24687
24689
24691
24693
24694
24695
24696
24698
24699
24710
24714
24715
24716
24717
24718
24719
24722
24723
24725
24726
24728
24729
24733
24735
24736
24737
24738
24739
24740
24742
24744
24745
24755
24756
24757
24758
24759
24764
24765
24766
24770
24772
24773
24775
24776
24778
24779
24780
24781
24782
24783
24784
24785
24787
24788
24791
24792
24793
24794
24795
24797
24801
24804
24806
24808
24809
24810
24811
24813
24815
24816
24820
24826
24829
24830
24832
24833
24834
24836
24837
24839
24840
24841
24843
24844
24847
24853
24855
24856
24860
24861
24863
24865
24866
24867
24869
24873
24874
24875
24876
24879
24882
24883
24890
24891
24894
24895
24897
24899
24901
24903
24904
24912
24915
24917
24918
24919
24922
24923
24924
24928
24929
24934
24935
24940
24944
24946
24949
24951
24953
24956
24958
24959
24962
24963
24964
24966
24969
24972
24973
24977
24978
24979
24980
24982
24985
24986
24988
24990
24995
24998
24999
25001
25003
25005
25008
25009
25010
25012
25014
25015
25016
25018
25025
25027
25028
25029
25035
25036
25037
25038
25042
25043
25044
25045
25047
25052
25053
25054
25055
25056
25057
25058
25060
25063
25065
25066
25067
25068
25070
25072
25073
25074
25075
25076
25077
25080
25082
25087
25089
25091
25097
25099
25100
25104
25105
25106
25108
25111
25113
25114
25115
25117
25119
25121
25123
25124
25125
25127
25128
25130
25131
25132
25133
25134
25138
25143
25144
25147
25148
25149
25152
25154
25155
25156
25157
25158
25161
25162
25164
25165
25167
25170
25172
25173
25174
25178
25180
25181
25182
25183
25187
25192
25193
25194
25195
25197
25198
25201
25204
25206
25209
25211
25212
25213
25215
25216
25217
25219
25220
25221
25224
25227
25229
25230
25231
25233
25237
25241
25244
25245
25248
25250
25257
25258
25259
25261
25262
25264
25265
25267
25270
25271
25274
25276
25277
25278
25279
25280
25281
25282
25284
25285
25286
25291
25292
25293
25296
25297
25300
25303
25306
25307
25309
25310
25313
25314
25315
25319
25322
25323
25325
25326
25328
25329
25330
25331
25333
25339
25340
25341
25342
25343
25344
25346
25347
25348
25349
25350
25351
25352
25354
25357
25358
25362
25363
25364
25366
25368
25372
25374
25375
25376
25378
25379
25383
25385
25388
25389
25391
25392
25396
25397
25398
25399
25400
25402
25403
25405
25407
25410
25411
25416
25417
25423
25424
25425
25427
25429
25430
25432
25437
25438
25439
25440
25441
25442
25443
25446
25447
25449
25450
25451
25453
25456
25457
25460
25462
25464
25465
25466
25467
25469
25471
25472
25477
25478
25479
25482
25483
25487
25489
25490
25492
25493
25500
25503
25504
25506
25507
25508
25510
25514
25516
25517
25518
25519
25521
25522
25524
25525
25526
25527
25528
25530
25531
25532
25534
25536
25542
25544
25545
25547
25548
25552
25553
25556
25557
25559
25563
25565
25566
25567
25568
25569
25570
25572
25577
25580
25581
25582
25584
25585
25586
25588
25590
25592
25593
25595
25598
25599
25600
25602
25605
25611
25615
25616
25617
25618
25619
25620
25621
25624
25626
25627
25628
25635
25637
25638
25644
25645
25652
25654
25657
25658
25659
25660
25661
25662
25664
25666
25670
25672
25674
25676
25679
25680
25681
25682
25685
25688
25689
25690
25692
25693
25694
25697
25699
25701
25703
25704
25705
25707
25708
25709
25710
25712
25714
25715
25717
25720
25721
25722
25723
25724
25726
25728
25729
25733
25735
25737
25739
25742
25744
25749
25750
25751
25753
25756
25761
25762
25763
25766
25768
25769
25773
25774
25776
25778
25780
25781
25786
25788
25790
25791
25792
25793
25794
25795
25796
25797
25803
25806
25807
25812
25816
25817
25819
25821
25822
25823
25826
25829
25830
25831
25832
25838
25839
25842
25844
25848
25849
25850
25852
25854
25858
25860
25865
25869
25872
25873
25874
25875
25876
25878
25881
25882
25883
25885
25887
25888
25891
25893
25896
25898
25899
25900
25901
25903
25905
25908
25909
25910
25911
25912
25914
25918
25919
25920
25923
25924
25929
25932
25933
25935
25936
25938
25939
25943
25945
25946
25948
25949
25950
25951
25954
25955
25959
25962
25967
25969
25971
25972
25974
25975
25977
25979
25986
25988
25989
25991
25994
25996
25997
25998
26000
26001
26003
26005
26006
26007
26009
26010
26012
26013
26014
26018
26019
26021
26023
26025
26027
26029
26030
26031
26032
26034
26039
26042
26043
26045
26047
26049
26052
26053
26054
26055
26061
26067
26068
26069
26070
26072
26074
26075
26078
26079
26080
26081
26087
26089
26092
26094
26095
26096
26097
26098
26099
26100
26104
26106
26107
26109
26110
26111
26112
26115
26119
26123
26124
26126
26127
26128
26129
26131
26135
26137
26138
26141
26144
26146
26148
26151
26153
26154
26155
26156
26157
26162
26163
26164
26166
26168
26170
26172
26173
26174
26177
26178
26179
26180
26183
26187
26190
26191
26192
26193
26195
26196
26201
26203
26206
26207
26208
26211
26214
26215
26216
26217
26219
26222
26223
26224
26226
26228
26230
26231
26234
26236
26241
26243
26246
26247
26248
26250
26252
26254
26257
26258
26259
26260
26261
26263
26264
26265
26266
26267
26268
26271
26273
26279
26280
26281
26284
26288
26289
26290
26293
26296
26297
26298
26299
26302
26305
26306
26307
26310
26312
26314
26317
26320
26321
26323
26324
26332
26334
26338
26340
26341
26342
26344
26345
26346
26349
26350
26352
26353
26354
26357
26358
26361
26365
26370
26373
26375
26377
26379
26380
26381
26382
26383
26385
26387
26388
26389
26391
26392
26395
26396
26397
26398
26401
26405
26407
26408
26409
26410
26413
26415
26417
26418
26421
26424
26428
26430
26432
26433
26437
26438
26439
26440
26441
26442
26444
26447
26448
26454
26455
26456
26458
26462
26463
26466
26469
26471
26472
26475
26477
26479
26482
26484
26486
26491
26492
26496
26498
26502
26503
26506
26508
26510
26513
26514
26515
26516
26517
26519
26521
26525
26526
26527
26532
26533
26535
26536
26541
26542
26543
26544
26545
26547
26548
26551
26554
26556
26557
26564
26565
26566
26569
26572
26576
26577
26578
26582
26584
26588
26592
26595
26596
26599
26600
26601
26606
26607
26609
26611
26613
26615
26616
26617
26619
26620
26621
26629
26631
26634
26635
26642
26643
26644
26646
26647
26648
26651
26652
26654
26655
26656
26657
26658
26659
26660
26661
26663
26664
26670
26676
26678
26679
26680
26681
26682
26683
26684
26685
26687
26688
26690
26691
26694
26696
26697
26699
26701
26702
26704
26705
26706
26707
26709
26710
26711
26713
26714
26716
26721
26722
26724
26729
26730
26731
26733
26734
26737
26738
26739
26740
26746
26747
26748
26750
26758
26759
26760
26767
26768
26770
26772
26773
26774
26775
26777
26778
26782
26783
26784
26785
26788
26789
26790
26791
26793
26796
26799
26801
26802
26804
26805
26809
26811
26812
26814
26815
26816
26817
26818
26819
26820
26823
26824
26825
26826
26828
26831
26832
26842
26845
26846
26849
26850
26857
26858
26859
26860
26861
26865
26869
26872
26873
26874
26879
26880
26881
26882
26884
26887
26891
26893
26894
26895
26896
26897
26898
26899
26901
26902
26904
26907
26910
26912
26914
26917
26923
26925
26926
26927
26928
26929
26932
26937
26939
26940
26944
26946
26947
26948
26949
26950
26953
26956
26957
26961
26963
26965
26967
26969
26970
26973
26974
26977
26980
26981
26982
26984
26988
26989
26990
26991
26992
26994
26996
26997
27000
27002
27005
27007
27008
27010
27012
27016
27017
27018
27020
27023
27024
27025
27026
27027
27028
27030
27031
27032
27034
27035
27036
27043
27044
27045
27048
27049
27050
27051
27053
27054
27055
27056
27058
27060
27062
27063
27064
27065
27066
27067
27068
27070
27073
27076
27078
27079
27082
27085
27086
27087
27088
27091
27092
27095
27097
27099
27100
27102
27103
27104
27105
27106
27107
27109
27110
27117
27118
27119
27123
27127
27128
27129
27132
27133
27134
27136
27139
27141
27142
27146
27150
27151
27152
27155
27156
27158
27161
27163
27164
27169
27172
27179
27181
27183
27184
27187
27189
27190
27193
27198
27201
27204
27206
27209
27211
27212
27213
27216
27217
27219
27221
27222
27223
27224
27225
27227
27228
27230
27232
27233
27237
27243
27245
27247
27248
27250
27254
27255
27256
27257
27262
27264
27271
27276
27277
27282
27283
27284
27286
27287
27290
27291
27294
27296
27298
27300
27301
27302
27303
27306
27308
27312
27314
27315
27317
27318
27323
27324
27328
27329
27332
27336
27337
27338
27344
27345
27350
27355
27356
27357
27358
27361
27362
27365
27366
27367
27368
27370
27371
27373
27374
27376
27378
27379
27381
27384
27388
27389
27390
27391
27392
27393
27394
27396
27399
27402
27404
27406
27409
27410
27411
27412
27415
27416
27418
27419
27425
27435
27436
27438
27442
27445
27446
27447
27449
27450
27451
27452
27454
27458
27460
27461
27462
27463
27464
27466
27467
27469
27470
27477
27480
27481
27482
27483
27484
27486
27487
27488
27489
27491
27492
27493
27496
27498
27500
27502
27504
27507
27509
27510
27517
27519
27520
27521
27523
27526
27529
27530
27531
27532
27534
27535
27539
27544
27545
27546
27548
27549
27550
27553
27555
27558
27560
27562
27567
27568
27570
27572
27574
27577
27582
27583
27584
27586
27588
27590
27591
27593
27595
27597
27599
27601
27607
27609
27610
27612
27614
27619
27620
27624
27625
27626
27629
27632
27634
27635
27636
27638
27639
27642
27643
27646
27647
27648
27649
27650
27652
27657
27659
27661
27662
27664
27666
27668
27669
27670
27671
27675
27676
27680
27683
27685
27687
27690
27692
27696
27697
27698
27699
27700
27701
27703
27704
27705
27706
27707
27710
27713
27714
27716
27717
27718
27721
27722
27723
27724
27725
27726
27727
27730
27732
27734
27735
27738
27740
27743
27744
27745
27746
27747
27749
27751
27754
27757
27758
27759
27764
27765
27768
27769
27770
27771
27776
27778
27779
27780
27781
27782
27784
27786
27788
27791
27795
27796
27797
27798
27800
27805
27808
27809
27811
27812
27815
27817
27819
27820
27822
27823
27824
27825
27826
27827
27830
27832
27833
27836
27837
27840
27844
27846
27848
27849
27853
27858
27862
27863
27866
27867
27868
27869
27871
27876
27878
27879
27882
27885
27888
27889
27891
27893
27894
27895
27896
27897
27900
27902
27904
27905
27906
27908
27910
27911
27912
27913
27916
27917
27918
27920
27921
27923
27924
27925
27926
27927
27928
27929
27930
27931
27932
27934
27935
27936
27940
27945
27946
27947
27948
27949
27952
27955
27956
27958
27959
27965
27966
27968
27969
27971
27976
27978
27980
27982
27984
27986
27987
27988
27989
27990
27995
27996
27998
28000
28005
28007
28008
28012
28014
28015
28016
28019
28022
28024
28025
28026
28028
28031
28032
28037
28039
28041
28043
28051
28052
28053
28055
28056
28057
28058
28062
28064
28067
28069
28071
28076
28077
28078
28079
28082
28085
28086
28089
28092
28097
28099
28100
28101
28103
28105
28106
28107
28109
28111
28113
28115
28118
28119
28120
28121
28122
28124
28125
28130
28140
28141
28142
28143
28144
28147
28148
28149
28151
28152
28154
28155
28158
28163
28165
28167
28169
28170
28173
28174
28176
28177
28178
28183
28186
28187
28188
28189
28190
28191
28192
28193
28196
28198
28201
28203
28205
28206
28211
28221
28222
28224
28225
28226
28227
28228
28229
28231
28234
28238
28240
28241
28244
28245
28246
28247
28248
28249
28250
28256
28258
28259
28260
28261
28262
28263
28265
28266
28267
28268
28270
28276
28278
28279
28280
28282
28283
28285
28286
28288
28290
28292
28293
28294
28295
28296
28298
28299
28300
28303
28304
28305
28306
28308
28312
28313
28314
28317
28319
28323
28328
28329
28330
28331
28334
28335
28336
28338
28342
28343
28346
28347
28350
28352
28355
28358
28359
28367
28374
28377
28378
28380
28381
28382
28383
28384
28387
28389
28390
28391
28393
28394
28396
28400
28402
28403
28404
28406
28407
28412
28413
28414
28417
28418
28421
28425
28428
28430
28433
28438
28439
28440
28442
28443
28444
28445
28446
28447
28448
28450
28451
28457
28459
28460
28461
28463
28464
28466
28468
28474
28475
28476
28477
28482
28484
28486
28487
28488
28492
28493
28494
28495
28497
28498
28500
28501
28502
28503
28506
28507
28508
28509
28510
28511
28513
28515
28518
28519
28520
28521
28522
28523
28528
28530
28532
28534
28535
28536
28538
28539
28543
28545
28546
28551
28552
28554
28555
28557
28558
28559
28560
28562
28564
28567
28569
28572
28573
28574
28575
28579
28583
28587
28588
28594
28595
28597
28598
28599
28600
28601
28603
28604
28606
28607
28608
28609
28611
28615
28619
28620
28621
28622
28626
28627
28628
28631
28633
28637
28639
28640
28641
28644
28647
28648
28651
28659
28660
28661
28663
28665
28667
28669
28670
28671
28673
28674
28677
28678
28679
28681
28685
28686
28687
28689
28690
28691
28692
28693
28694
28695
28699
28701
28702
28704
28705
28707
28709
28710
28711
28712
28714
28717
28718
28719
28721
28722
28726
28727
28728
28730
28731
28732
28733
28736
28738
28739
28741
28746
28747
28750
28753
28754
28755
28756
28758
28759
28760
28761
28762
28764
28765
28766
28768
28769
28772
28773
28774
28776
28777
28778
28782
28786
28790
28791
28792
28793
28794
28796
28797
28799
28802
28807
28808
28810
28811
28812
28813
28816
28819
28822
28826
28828
28829
28835
28838
28839
28840
28846
28849
28852
28853
28855
28856
28858
28866
28868
28873
28876
28880
28882
28883
28886
28891
28892
28893
28895
28896
28898
28899
28900
28901
28904
28905
28906
28908
28909
28910
28911
28913
28915
28917
28920
28921
28926
28928
28929
28932
28933
28934
28935
28936
28938
28939
28940
28941
28943
28945
28946
28949
28950
28953
28954
28956
28958
28960
28961
28962
28964
28966
28967
28969
28970
28971
28973
28974
28975
28976
28978
28979
28983
28991
28992
28993
28994
28995
28996
29000
29001
29002
29006
29007
29008
29010
29014
29015
29017
29018
29020
29022
29025
29032
29035
29037
29039
29040
29041
29042
29044
29050
29051
29053
29054
29055
29057
29058
29060
29062
29063
29068
29069
29071
29072
29074
29075
29076
29077
29078
29080
29081
29088
29091
29092
29093
29094
29095
29096
29097
29099
29102
29104
29110
29113
29118
29120
29121
29122
29123
29125
29128
29131
29134
29136
29138
29141
29142
29144
29145
29146
29147
29150
29153
29154
29155
29158
29159
29160
29161
29164
29168
29169
29170
29171
29172
29174
29176
29177
29180
29182
29184
29191
29193
29199
29201
29202
29203
29206
29208
29211
29212
29213
29214
29216
29219
29223
29231
29233
29234
29236
29238
29239
29243
29245
29246
29248
29249
29252
29254
29256
29257
29259
29260
29262
29263
29264
29265
29268
29269
29270
29272
29275
29281
29283
29285
29286
29288
29289
29294
29295
29296
29297
29299
29300
29303
29304
29306
29308
29309
29310
29313
29314
29315
29317
29318
29320
29321
29327
29328
29329
29333
29334
29337
29342
29344
29345
29346
29347
29350
29353
29356
29358
29360
29363
29364
29368
29369
29372
29375
29378
29379
29381
29382
29384
29385
29387
29389
29391
29394
29395
29398
29403
29404
29406
29408
29409
29411
29412
29413
29421
29422
29423
29424
29425
29426
29428
29430
29433
29436
29437
29438
29439
29441
29442
29445
29446
29447
29448
29449
29451
29452
29454
29455
29456
29457
29458
29459
29460
29461
29463
29465
29466
29469
29472
29477
29478
29482
29491
29492
29494
29496
29500
29501
29505
29507
29508
29509
29510
29516
29517
29522
29527
29528
29529
29530
29537
29539
29541
29542
29547
29548
29550
29551
29553
29556
29557
29559
29560
29561
29563
29564
29566
29569
29573
29575
29576
29577
29579
29580
29581
29582
29586
29588
29592
29593
29596
29598
29601
29602
29603
29605
29606
29607
29608
29611
29612
29614
29615
29616
29617
29619
29620
29621
29622
29623
29625
29627
29634
29635
29636
29638
29639
29640
29642
29643
29646
29647
29648
29649
29651
29652
29656
29657
29658
29659
29660
29663
29666
29667
29669
29678
29680
29681
29682
29684
29685
29686
29687
29688
29689
29690
29691
29693
29694
29695
29697
29698
29701
29703
29707
29712
29713
29714
29715
29717
29719
29721
29722
29726
29728
29733
29735
29746
29748
29749
29750
29753
29754
29756
29758
29761
29763
29764
29767
29771
29772
29775
29776
29777
29778
29779
29780
29783
29784
29786
29787
29793
29795
29796
29798
29799
29801
29802
29804
29806
29808
29810
29811
29812
29813
29815
29818
29819
29820
29822
29824
29826
29827
29831
29832
29833
29835
29838
29841
29842
29843
29845
29846
29847
29853
29854
29855
29856
29858
29859
29861
29863
29865
29867
29877
29878
29880
29881
29884
29887
29889
29890
29891
29892
29893
29895
29896
29898
29900
29901
29902
29903
29904
29907
29908
29910
29912
29913
29916
29919
29921
29924
29926
29927
29932
29934
29935
29938
29939
29940
29946
29949
29952
29954
29956
29959
29960
29961
29962
29963
29965
29966
29967
29970
29971
29972
29973
29975
29976
29977
29978
29979
29980
29982
29983
29985
29988
29991
29993
29995
29997
29998
30004
30007
30008
30012
30013
30015
30016
30018
30021
30022
30023
30027
30028
30032
30033
30034
30035
30038
30039
30040
30043
30044
30046
30051
30052
30053
30054
30056
30059
30060
30062
30065
30066
30067
30068
30069
30070
30071
30076
30078
30081
30089
30090
30092
30095
30098
30099
30104
30106
30108
30111
30113
30116
30117
30119
30120
30121
30124
30125
30126
30129
30131
30132
30135
30137
30141
30142
30143
30146
30147
30149
30150
30152
30155
30157
30158
30163
30164
30165
30167
30173
30181
30184
30188
30191
30192
30195
30196
30197
30198
30200
30203
30204
30205
30207
30212
30214
30215
30217
30219
30221
30222
30223
30227
30228
30231
30232
30233
30235
30238
30239
30240
30241
30242
30243
30245
30246
30248
30249
30252
30253
30254
30260
30261
30262
30264
30265
30266
30269
30272
30273
30274
30276
30278
30282
30283
30284
30285
30287
30290
30292
30293
30295
30296
30298
30303
30304
30306
30308
30310
30311
30313
30314
30315
30316
30318
30323
30327
30328
30329
30330
30332
30333
30334
30335
30347
30353
30354
30355
30357
30360
30361
30362
30363
30365
30366
30367
30369
30370
30378
30382
30385
30386
30389
30391
30393
30394
30396
30397
30398
30399
30404
30405
30406
30407
30408
30410
30411
30412
30415
30417
30420
30422
30423
30424
30426
30428
30429
30431
30433
30434
30437
30439
30441
30443
30446
30451
30452
30453
30455
30456
30457
30458
30459
30461
30462
30465
30466
30469
30470
30471
30472
30473
30475
30476
30477
30479
30480
30481
30483
30486
30488
30489
30490
30491
30494
30495
30497
30499
30500
30501
30503
30505
30506
30509
30512
30513
30514
30515
30517
30519
30520
30527
30530
30532
30533
30537
30538
30539
30542
30543
30550
30551
30553
30557
30560
30564
30565
30568
30569
30570
30571
30575
30579
30580
30581
30585
30586
30587
30588
30590
30591
30592
30593
30596
30598
30599
30603
30604
30605
30606
30607
30609
30610
30614
30616
30618
30619
30621
30622
30623
30625
30626
30628
30630
30637
30638
30641
30644
30647
30650
30651
30652
30653
30655
30656
30658
30661
30663
30667
30668
30673
30676
30680
30687
30691
30692
30693
30694
30696
30697
30700
30701
30702
30705
30707
30709
30711
30712
30713
30714
30715
30716
30717
30718
30720
30723
30730
30731
30732
30735
30738
30740
30742
30743
30744
30745
30746
30747
30750
30751
30753
30754
30755
30761
30762
30763
30768
30773
30774
30777
30779
30780
30782
30784
30785
30787
30788
30790
30792
30793
30794
30797
30798
30799
30800
30801
30803
30805
30812
30813
30815
30817
30818
30820
30821
30822
30825
30827
30834
30835
30836
30837
30840
30844
30846
30850
30851
30855
30857
30859
30860
30861
30862
30863
30864
30865
30866
30868
30869
30870
30871
30872
30873
30875
30876
30879
30880
30881
30882
30886
30887
30888
30893
30894
30897
30899
30901
30902
30903
30907
30911
30912
30913
30915
30917
30921
30924
30925
30931
30932
30933
30934
30935
30939
30941
30942
30946
30948
30950
30951
30953
30954
30955
30957
30958
30961
30962
30965
30966
30968
30971
30976
30977
30980
30982
30987
30991
30993
30994
30995
30996
30999
31000
31003
31005
31007
31008
31009
31012
31013
31015
31016
31017
31023
31027
31028
31039
31042
31043
31046
31051
31052
31053
31054
31055
31056
31058
31059
31062
31066
31071
31072
31073
31075
31076
31077
31079
31083
31084
31088
31090
31091
31092
31093
31095
31096
31097
31098
31100
31101
31104
31106
31107
31108
31109
31110
31111
31113
31117
31119
31124
31126
31127
31128
31130
31131
31133
31135
31136
31137
31141
31142
31143
31144
31146
31148
31149
31152
31153
31155
31156
31157
31158
31163
31167
31169
31172
31174
31176
31178
31179
31185
31186
31187
31188
31189
31192
31195
31196
31197
31209
31210
31216
31217
31218
31219
31221
31224
31226
31228
31229
31233
31235
31238
31240
31242
31245
31247
31249
31251
31253
31255
31257
31258
31260
31265
31266
31267
31268
31269
31275
31276
31277
31279
31281
31284
31291
31292
31294
31296
31299
31300
31301
31303
31304
31310
31312
31313
31314
31315
31317
31318
31319
31321
31324
31325
31330
31334
31335
31338
31340
31341
31342
31344
31345
31347
31348
31349
31352
31358
31365
31367
31369
31371
31374
31375
31376
31378
31381
31383
31384
31385
31386
31389
31390
31393
31394
31397
31398
31402
31403
31404
31405
31410
31413
31415
31416
31419
31420
31423
31424
31427
31428
31432
31433
31434
31437
31441
31442
31444
31447
31448
31449
31451
31452
31457
31460
31461
31462
31465
31466
31471
31474
31477
31478
31479
31480
31481
31484
31488
31489
31493
31495
31499
31502
31504
31508
31509
31510
31511
31513
31514
31516
31519
31522
31528
31530
31532
31533
31534
31539
31540
31542
31546
31548
31551
31552
31558
31559
31563
31567
31574
31579
31581
31582
31584
31589
31591
31594
31595
31596
31597
31600
31603
31604
31605
31607
31609
31612
31613
31615
31619
31623
31625
31626
31627
31630
31633
31634
31635
31637
31639
31641
31643
31644
31645
31646
31647
31648
31649
31651
31655
31656
31659
31660
31661
31665
31673
31674
31676
31679
31680
31683
31686
31687
31688
31690
31692
31693
31694
31701
31702
31703
31706
31708
31710
31711
31717
31718
31719
31721
31724
31728
31730
31731
31732
31733
31736
31747
31748
31754
31756
31757
31761
31763
31765
31767
31768
31769
31774
31776
31777
31779
31784
31785
31788
31791
31795
31798
31800
31801
31802
31803
31805
31808
31810
31811
31816
31819
31822
31824
31837
31838
31839
31847
31852
31854
31856
31857
31858
31860
31861
31867
31868
31872
31874
31877
31879
31881
31882
31883
31887
31888
31890
31891
31895
31897
31904
31907
31909
31910
31911
31913
31914
31918
31920
31923
31924
31927
31930
31934
31936
31938
31939
31941
31947
31948
31949
31950
31952
31955
31957
31958
31959
31961
31966
31968
31969
31971
31972
31973
31975
31976
31982
31983
31986
31987
31988
31989
31994
31996
31999
32001
32004
32007
32011
32016
32017
32018
32022
32024
32025
32026
32027
32029
32031
32032
32034
32035
32036
32037
32039
32040
32041
32043
32044
32045
32048
32050
32053
32054
32058
32059
32060
32062
32065
32066
32067
32079
32080
32085
32089
32090
32091
32092
32094
32095
32096
32097
32102
32104
32107
32110
32112
32113
32114
32115
32117
32118
32119
32120
32121
32122
32125
32127
32130
32131
32132
32139
32141
32145
32146
32147
32148
32150
32151
32153
32158
32159
32161
32163
32166
32167
32170
32172
32175
32179
32180
32182
32183
32184
32185
32186
32187
32189
32192
32194
32195
32197
32208
32209
32211
32212
32213
32216
32219
32223
32224
32225
32226
32235
32236
32237
32238
32239
32241
32242
32243
32244
32245
32246
32248
32249
32251
32253
32254
32255
32259
32262
32263
32265
32266
32267
32269
32270
32271
32272
32274
32275
32278
32279
32281
32284
32285
32287
32288
32289
32290
32294
32298
32300
32301
32305
32306
32308
32313
32314
32315
32317
32318
32319
32320
32321
32323
32327
32328
32329
32334
32335
32336
32337
32338
32339
32341
32342
32343
32345
32346
32347
32348
32351
32353
32357
32358
32359
32361
32362
32365
32366
32367
32368
32370
32371
32372
32374
32375
32378
32383
32385
32389
32390
32393
32394
32396
32403
32404
32407
32413
32414
32417
32418
32419
32420
32422
32425
32427
32432
32433
32435
32437
32439
32441
32442
32450
32453
32456
32459
32460
32466
32469
32471
32472
32473
32474
32476
32480
32483
32485
32486
32487
32489
32491
32495
32499
32500
32501
32504
32505
32507
32509
32512
32517
32520
32524
32525
32528
32530
32537
32540
32542
32543
32545
32547
32549
32550
32551
32556
32559
32560
32561
32563
32565
32566
32567
32569
32570
32573
32574
32577
32582
32584
32585
32588
32589
32590
32592
32595
32599
32600
32601
32602
32603
32604
32606
32607
32609
32613
32614
32616
32617
32620
32628
32630
32635
32636
32637
32638
32639
32640
32644
32645
32646
32647
32649
32651
32652
32653
32654
32655
32658
32661
32662
32663
32666
32668
32671
32675
32678
32680
32681
32687
32689
32690
32699
32700
32701
32703
32709
32710
32712
32713
32714
32718
32721
32722
32725
32726
32727
32728
32729
32732
32735
32740
32745
32746
32748
32749
32752
32754
32757
32760
32767
32768
32770
32776
32777
32783
32785
32788
32790
32791
32792
32795
32796
32797
32800
32801
32804
32805
32807
32810
32813
32815
32818
32822
32825
32826
32829
32833
32835
32836
32837
32838
32839
32841
32843
32845
32847
32849
32856
32863
32865
32866
32871
32874
32875
32876
32877
32878
32879
32886
32889
32890
32891
32893
32894
32895
32897
32902
32903
32906
32907
32909
32910
32911
32913
32915
32916
32918
32920
32921
32922
32924
32926
32927
32928
32931
32932
32934
32941
32945
32946
32947
32950
32951
32952
32956
32957
32958
32960
32961
32962
32966
32967
32968
32969
32970
32972
32973
32974
32975
32976
32977
32979
32982
32983
32984
32988
32989
32990
32994
32995
32996
32997
33001
33002
33007
33009
33012
33016
33017
33024
33025
33026
33027
33028
33029
33030
33032
33035
33036
33037
33038
33039
33040
33041
33042
33049
33051
33053
33054
33056
33059
33060
33062
33063
33064
33066
33068
33069
33072
33073
33075
33076
33078
33079
33080
33084
33085
33086
33087
33088
33089
33093
33094
33095
33097
33101
33102
33105
33107
33108
33109
33110
33114
33116
33118
33120
33121
33122
33124
33125
33129
33131
33137
33138
33140
33142
33145
33146
33147
33148
33150
33151
33152
33153
33155
33158
33160
33165
33166
33167
33168
33170
33171
33172
33174
33176
33177
33178
33179
33180
33188
33189
33190
33194
33195
33197
33200
33205
33206
33212
33213
33214
33216
33218
33219
33224
33226
33227
33230
33231
33240
33241
33245
33247
33248
33249
33250
33252
33254
33256
33264
33265
33266
33268
33270
33272
33273
33274
33275
33276
33279
33283
33284
33285
33286
33290
33293
33295
33300
33302
33303
33304
33305
33308
33309
33311
33313
33314
33317
33319
33323
33325
33329
33330
33334
33335
33340
33341
33345
33350
33351
33352
33353
33354
33356
33358
33360
33361
33362
33363
33364
33366
33367
33377
33386
33389
33391
33392
33393
33395
33396
33404
33408
33416
33418
33419
33420
33421
33423
33424
33429
33431
33433
33435
33439
33440
33442
33443
33447
33448
33450
33451
33453
33458
33461
33465
33466
33467
33470
33471
33472
33473
33474
33478
33480
33481
33484
33485
33486
33489
33493
33494
33495
33498
33499
33502
33503
33504
33509
33510
33513
33514
33515
33517
33518
33520
33521
33528
33530
33531
33534
33536
33537
33538
33539
33540
33544
33545
33546
33547
33552
33554
33556
33559
33564
33565
33566
33572
33573
33576
33577
33586
33589
33591
33593
33594
33595
33597
33598
33599
33601
33602
33604
33606
33607
33609
33612
33619
33621
33622
33625
33626
33631
33632
33633
33642
33649
33652
33654
33655
33656
33657
33658
33661
33664
33665
33672
33676
33679
33680
33681
33683
33685
33686
33689
33690
33691
33692
33694
33695
33697
33699
33700
33702
33706
33708
33710
33712
33714
33716
33718
33719
33720
33721
33722
33724
33726
33730
33731
33732
33733
33734
33737
33739
33741
33742
33744
33745
33746
33749
33750
33752
33753
33754
33757
33758
33759
33760
33761
33763
33764
33765
33767
33770
33771
33774
33776
33778
33779
33780
33781
33782
33783
33784
33788
33790
33791
33792
33793
33794
33799
33800
33802
33804
33805
33811
33812
33814
33817
33818
33820
33822
33825
33826
33828
33829
33830
33831
33832
33836
33837
33841
33842
33847
33849
33850
33852
33855
33863
33866
33867
33868
33869
33872
33873
33874
33876
33877
33882
33883
33887
33891
33892
33897
33899
33900
33907
33909
33910
33911
33912
33914
33915
33916
33918
33919
33920
33921
33922
33931
33933
33935
33936
33939
33940
33945
33946
33948
33949
33951
33952
33953
33955
33956
33958
33960
33967
33968
33969
33970
33971
33972
33973
33975
33977
33980
33983
33986
33989
33990
33991
33992
33993
33994
33995
33997
33998
33999
34004
34007
34013
34017
34018
34019
34020
34021
34022
34024
34027
34030
34032
34036
34037
34038
34041
34044
34045
34054
34057
34058
34063
34065
34066
34067
34071
34075
34082
34085
34088
34094
34096
34097
34098
34099
34100
34101
34103
34105
34106
34107
34108
34109
34110
34113
34114
34117
34124
34126
34128
34131
34135
34136
34139
34142
34143
34145
34146
34147
34148
34149
34150
34153
34156
34162
34165
34172
34173
34175
34176
34178
34179
34180
34183
34187
34189
34192
34196
34198
34199
34200
34207
34208
34209
34212
34215
34217
34218
34219
34220
34225
34227
34233
34234
34235
34237
34238
34242
34243
34244
34245
34249
34250
34255
34256
34258
34260
34264
34265
34267
34268
34269
34270
34271
34272
34276
34282
34283
34284
34288
34290
34292
34294
34295
34296
34299
34300
34301
34303
34307
34308
34311
34313
34318
34319
34320
34322
34329
34330
34334
34337
34338
34339
34342
34343
34346
34349
34350
34351
34352
34353
34356
34358
34359
34360
34361
34364
34366
34371
34372
34373
34374
34375
34376
34378
34379
34382
34383
34385
34386
34388
34389
34390
34393
34396
34403
34404
34407
34412
34415
34416
34418
34421
34425
34427
34428
34429
34430
34431
34432
34435
34436
34438
34439
34440
34441
34444
34445
34446
34449
34457
34460
34462
34463
34465
34467
34468
34469
34470
34471
34472
34474
34475
34479
34480
34482
34485
34487
34489
34492
34495
34498
34501
34503
34508
34512
34517
34519
34520
34522
34523
34525
34526
34527
34532
34534
34538
34539
34540
34542
34546
34547
34549
34556
34558
34560
34565
34566
34568
34572
34573
34576
34577
34579
34580
34582
34584
34585
34586
34590
34591
34595
34597
34602
34605
34606
34607
34609
34613
34614
34615
34617
34621
34622
34624
34626
34632
34635
34636
34638
34639
34644
34646
34647
34649
34652
34653
34656
34657
34659
34664
34667
34669
34670
34671
34672
34677
34678
34679
34680
34684
34687
34690
34694
34696
34699
34702
34705
34706
34707
34709
34713
34718
34724
34725
34727
34728
34729
34736
34738
34739
34742
34743
34745
34746
34747
34752
34754
34756
34761
34765
34769
34772
34773
34774
34775
34776
34777
34779
34780
34783
34787
34788
34790
34793
34795
34800
34802
34805
34806
34807
34809
34810
34811
34812
34813
34815
34816
34817
34818
34826
34827
34830
34832
34839
34841
34844
34846
34847
34849
34854
34859
34860
34867
34869
34870
34872
34873
34875
34876
34878
34885
34886
34887
34888
34889
34890
34895
34896
34897
34898
34900
34902
34904
34905
34906
34907
34909
34912
34916
34917
34919
34920
34924
34927
34928
34929
34932
34933
34934
34935
34937
34939
34940
34942
34948
34950
34951
34953
34954
34955
34956
34958
34961
34962
34965
34968
34969
34972
34980
34982
34985
34988
34989
34990
34997
34998
35003
35006
35007
35012
35013
35016
35020
35023
35028
35030
35032
35034
35035
35037
35039
35041
35042
35045
35052
35057
35058
35059
35067
35074
35075
35076
35078
35080
35081
35082
35085
35087
35088
35091
35092
35093
35094
35097
35098
35101
35102
35106
35107
35108
35109
35113
35119
35123
35125
35126
35130
35131
35132
35134
35140
35141
35142
35143
35144
35148
35149
35150
35152
35154
35155
35163
35164
35166
35167
35168
35170
35172
35173
35174
35175
35177
35178
35179
35185
35186
35188
35189
35190
35191
35193
35195
35197
35198
35201
35202
35203
35207
35208
35209
35210
35214
35219
35220
35222
35223
35224
35225
35228
35229
35234
35235
35237
35239
35241
35243
35244
35250
35251
35254
35259
35261
35262
35264
35272
35276
35277
35281
35282
35283
35284
35289
35296
35298
35299
35300
35302
35311
35312
35316
35317
35320
35322
35325
35326
35327
35329
35331
35334
35336
35337
35339
35341
35342
35343
35344
35346
35355
35356
35358
35359
35360
35361
35362
35363
35366
35368
35371
35372
35374
35375
35378
35380
35381
35383
35387
35390
35400
35401
35402
35408
35411
35414
35416
35420
35422
35424
35425
35426
35432
35433
35436
35442
35443
35444
35446
35448
35452
35453
35454
35455
35456
35457
35459
35461
35462
35463
35465
35466
35467
35474
35475
35476
35477
35479
35481
35485
35488
35489
35490
35491
35493
35494
35495
35497
35498
35504
35505
35506
35510
35514
35515
35516
35517
35519
35523
35525
35528
35530
35531
35532
35533
35536
35538
35539
35541
35544
35545
35546
35547
35548
35551
35552
35556
35557
35558
35562
35564
35568
35570
35571
35572
35573
35576
35583
35588
35589
35590
35591
35593
35594
35597
35599
35600
35602
35603
35604
35605
35608
35612
35614
35617
35619
35620
35622
35625
35626
35633
35634
35635
35636
35637
35638
35639
35640
35642
35643
35644
35645
35649
35652
35653
35654
35655
35656
35657
35658
35664
35667
35670
35671
35672
35673
35674
35677
35678
35679
35685
35686
35688
35689
35694
35695
35697
35698
35699
35700
35702
35706
35712
35715
35717
35723
35724
35725
35727
35729
35731
35732
35733
35734
35735
35736
35738
35739
35740
35741
35742
35747
35752
35755
35759
35761
35763
35764
35765
35766
35767
35768
35769
35771
35772
35774
35775
35779
35787
35789
35791
35794
35796
35798
35801
35803
35808
35809
35810
35811
35815
35817
35819
35821
35822
35825
35826
35831
35836
35837
35840
35841
35842
35844
35845
35847
35848
35850
35851
35852
35858
35859
35862
35863
35869
35870
35871
35872
35874
35876
35877
35878
35880
35882
35883
35885
35886
35887
35888
35890
35891
35893
35896
35901
35907
35909
35910
35911
35913
35915
35916
35917
35919
35920
35922
35923
35925
35927
35932
35934
35935
35936
35937
35938
35939
35943
35945
35948
35950
35959
35960
35961
35967
35969
35970
35971
35974
35976
35978
35979
35983
35984
35988
35989
35990
35992
35994
35997
35998
35999
36001
36002
36004
36007
36009
36011
36012
36014
36015
36016
36017
36018
36023
36027
36028
36032
36033
36036
36039
36042
36044
36045
36048
36049
36050
36052
36055
36056
36059
36064
36065
36070
36076
36078
36080
36081
36084
36087
36089
36090
36092
36095
36098
36102
36110
36113
36120
36123
36127
36129
36131
36132
36133
36134
36137
36139
36140
36141
36144
36145
36147
36148
36149
36150
36153
36154
36156
36157
36158
36162
36163
36167
36168
36169
36170
36176
36182
36185
36187
36189
36192
36193
36205
36207
36208
36210
36212
36213
36218
36219
36220
36221
36223
36224
36228
36229
36231
36233
36235
36239
36244
36245
36251
36252
36257
36258
36259
36260
36261
36268
36269
36271
36272
36273
36274
36275
36278
36279
36283
36284
36286
36288
36289
36290
36295
36296
36299
36300
36302
36303
36304
36306
36307
36312
36313
36317
36318
36319
36320
36321
36324
36325
36328
36329
36330
36332
36334
36335
36336
36339
36348
36352
36353
36359
36361
36363
36364
36365
36366
36367
36370
36372
36377
36379
36381
36383
36386
36388
36390
36391
36398
36400
36401
36403
36405
36408
36409
36412
36414
36415
36416
36417
36419
36420
36421
36423
36426
36434
36435
36436
36437
36439
36442
36445
36448
36452
36456
36457
36459
36460
36461
36462
36463
36466
36467
36468
36472
36475
36477
36478
36479
36480
36481
36482
36485
36487
36489
36490
36492
36497
36503
36507
36510
36515
36516
36517
36518
36520
36523
36526
36527
36529
36530
36531
36534
36537
36540
36541
36544
36545
36547
36549
36551
36554
36555
36556
36558
36560
36561
36563
36564
36565
36566
36570
36579
36580
36582
36584
36586
36588
36590
36593
36595
36597
36599
36600
36602
36604
36605
36609
36613
36614
36615
36616
36617
36618
36619
36620
36623
36624
36626
36632
36633
36636
36637
36643
36644
36646
36647
36650
36651
36652
36653
36654
36655
36657
36660
36665
36667
36670
36673
36674
36676
36678
36680
36683
36684
36685
36686
36687
36688
36690
36695
36696
36698
36699
36703
36704
36707
36712
36714
36715
36719
36720
36721
36722
36729
36731
36734
36735
36737
36739
36741
36742
36743
36744
36748
36749
36757
36762
36763
36764
36766
36767
36770
36775
36777
36778
36780
36781
36783
36784
36785
36786
36790
36791
36795
36796
36797
36799
36800
36803
36804
36806
36809
36810
36811
36812
36813
36814
36817
36820
36830
36833
36835
36840
36841
36845
36849
36850
36855
36856
36862
36863
36865
36866
36869
36874
36876
36877
36878
36879
36881
36885
36886
36890
36891
36893
36894
36897
36898
36900
36903
36908
36910
36911
36912
36913
36915
36919
36920
36926
36928
36929
36932
36934
36935
36941
36942
36944
36947
36949
36953
36956
36958
36959
36962
36964
36965
36969
36971
36974
36977
36979
36980
36982
36983
36986
36988
36989
36993
36998
37001
37002
37005
37006
37008
37011
37012
37013
37017
37019
37023
37024
37027
37028
37029
37033
37034
37035
37036
37038
37042
37043
37048
37051
37052
37054
37057
37058
37059
37060
37062
37063
37064
37065
37066
37067
37070
37073
37075
37076
37077
37078
37083
37085
37087
37090
37092
37093
37099
37101
37102
37103
37104
37105
37106
37111
37112
37113
37116
37119
37121
37122
37126
37127
37129
37135
37136
37140
37142
37145
37146
37149
37150
37151
37154
37157
37158
37159
37162
37163
37166
37167
37168
37169
37170
37174
37176
37177
37178
37182
37185
37190
37191
37192
37193
37194
37197
37198
37200
37201
37203
37214
37216
37217
37220
37221
37222
37223
37225
37229
37232
37233
37235
37237
37240
37242
37247
37249
37250
37253
37254
37257
37259
37260
37262
37263
37265
37266
37273
37274
37276
37280
37281
37282
37285
37286
37289
37291
37292
37293
37294
37296
37298
37299
37300
37302
37306
37307
37310
37313
37315
37316
37317
37320
37321
37328
37331
37335
37337
37338
37342
37343
37344
37347
37348
37350
37354
37356
37357
37360
37365
37366
37367
37368
37374
37378
37382
37385
37386
37389
37391
37393
37394
37401
37403
37404
37406
37412
37421
37428
37436
37441
37442
37443
37444
37445
37446
37447
37451
37452
37457
37459
37460
37461
37462
37465
37469
37471
37473
37474
37475
37476
37481
37485
37486
37487
37491
37496
37497
37498
37500
37502
37504
37505
37513
37514
37515
37517
37525
37527
37532
37536
37539
37540
37543
37545
37549
37550
37551
37555
37556
37557
37562
37563
37564
37565
37567
37568
37569
37570
37571
37573
37576
37582
37584
37586
37587
37589
37590
37592
37603
37604
37608
37609
37610
37612
37614
37616
37617
37619
37620
37622
37626
37628
37629
37630
37631
37632
37633
37635
37639
37640
37641
37644
37646
37647
37649
37652
37654
37655
37658
37662
37664
37665
37666
37670
37671
37674
37675
37676
37677
37679
37680
37683
37684
37685
37686
37687
37689
37694
37695
37698
37699
37702
37704
37707
37708
37709
37714
37715
37721
37722
37725
37728
37733
37737
37739
37741
37742
37743
37746
37747
37749
37750
37751
37753
37754
37755
37756
37758
37760
37762
37763
37765
37767
37768
37770
37771
37775
37779
37780
37781
37789
37792
37794
37795
37796
37800
37802
37803
37804
37805
37806
37807
37808
37810
37811
37812
37817
37818
37820
37827
37828
37831
37832
37833
37836
37837
37842
37843
37844
37846
37847
37849
37850
37854
37856
37857
37860
37865
37868
37872
37874
37877
37884
37885
37888
37894
37895
37897
37900
37903
37904
37907
37909
37910
37912
37914
37917
37919
37920
37921
37922
37923
37924
37925
37926
37933
37935
37936
37937
37938
37939
37942
37945
37946
37956
37957
37958
37962
37963
37967
37970
37972
37973
37974
37975
37976
37977
37978
37982
37983
37985
37987
37989
37993
37994
37995
37996
37999
38001
38003
38005
38006
38009
38010
38012
38016
38018
38020
38023
38024
38029
38030
38032
38036
38037
38038
38041
38042
38043
38045
38056
38057
38058
38059
38060
38063
38070
38072
38073
38079
38080
38081
38082
38083
38084
38086
38087
38088
38089
38090
38093
38095
38096
38097
38098
38100
38103
38104
38105
38106
38107
38111
38116
38117
38119
38121
38124
38125
38129
38130
38134
38135
38136
38137
38139
38143
38144
38145
38146
38149
38152
38157
38160
38161
38167
38173
38176
38181
38182
38185
38186
38187
38189
38191
38192
38195
38198
38199
38201
38202
38204
38205
38206
38207
38208
38209
38214
38215
38217
38220
38224
38225
38226
38228
38229
38231
38237
38239
38240
38242
38243
38248
38249
38251
38252
38254
38257
38262
38264
38265
38266
38267
38269
38275
38276
38277
38278
38279
38280
38282
38284
38287
38288
38292
38293
38296
38298
38299
38300
38301
38302
38303
38304
38309
38315
38316
38318
38320
38321
38329
38331
38333
38334
38344
38345
38346
38347
38348
38349
38350
38356
38358
38360
38361
38367
38371
38373
38381
38383
38384
38385
38386
38389
38391
38392
38394
38396
38397
38399
38400
38401
38403
38406
38407
38409
38411
38412
38415
38422
38423
38426
38428
38432
38433
38434
38435
38436
38437
38438
38444
38450
38451
38453
38456
38460
38462
38463
38470
38472
38474
38475
38479
38480
38481
38482
38483
38486
38491
38495
38498
38502
38507
38514
38515
38520
38521
38522
38523
38528
38531
38534
38535
38540
38541
38543
38545
38546
38549
38550
38553
38556
38557
38558
38561
38563
38564
38566
38568
38573
38574
38580
38583
38585
38586
38587
38589
38592
38597
38606
38608
38609
38615
38616
38619
38620
38621
38622
38625
38632
38633
38634
38636
38639
38640
38643
38644
38646
38647
38650
38651
38657
38662
38664
38665
38666
38667
38668
38669
38671
38672
38677
38679
38681
38684
38685
38686
38688
38692
38694
38696
38700
38701
38702
38704
38706
38710
38712
38714
38716
38722
38723
38728
38731
38732
38733
38734
38736
38737
38738
38747
38749
38753
38757
38758
38760
38761
38762
38764
38766
38768
38770
38773
38776
38778
38782
38783
38785
38787
38789
38791
38794
38795
38798
38799
38802
38803
38808
38813
38815
38818
38821
38823
38826
38827
38830
38831
38832
38833
38836
38839
38841
38844
38850
38851
38852
38854
38855
38856
38857
38860
38862
38863
38864
38865
38866
38868
38870
38873
38874
38876
38880
38882
38883
38884
38885
38888
38889
38891
38896
38897
38899
38901
38902
38907
38910
38913
38914
38921
38923
38925
38932
38934
38936
38943
38944
38947
38951
38952
38956
38957
38959
38961
38962
38965
38968
38970
38971
38972
38973
38976
38977
38978
38981
38983
38984
38985
38988
38996
38997
38998
39002
39003
39005
39006
39008
39011
39012
39015
39016
39018
39019
39021
39025
39026
39028
39029
39030
39031
39033
39035
39039
39040
39041
39043
39045
39047
39048
39049
39052
39054
39056
39058
39059
39062
39063
39065
39070
39072
39087
39091
39096
39098
39099
39106
39107
39108
39110
39111
39114
39115
39116
39117
39118
39120
39121
39122
39125
39126
39127
39128
39129
39131
39132
39134
39136
39138
39139
39140
39141
39142
39144
39147
39149
39151
39155
39161
39164
39170
39171
39175
39176
39184
39185
39187
39188
39190
39192
39193
39194
39195
39196
39197
39199
39204
39207
39211
39213
39214
39218
39219
39220
39221
39222
39224
39225
39226
39229
39231
39234
39235
39236
39238
39239
39240
39242
39247
39248
39249
39251
39254
39258
39259
39262
39263
39266
39269
39274
39277
39284
39287
39292
39294
39298
39299
39300
39301
39303
39306
39311
39313
39315
39317
39318
39319
39321
39323
39326
39327
39328
39330
39332
39333
39334
39335
39336
39337
39338
39340
39341
39342
39348
39350
39352
39354
39356
39357
39358
39359
39360
39366
39367
39368
39369
39372
39373
39379
39383
39388
39390
39391
39394
39395
39397
39399
39402
39407
39410
39411
39413
39415
39420
39421
39422
39424
39426
39428
39429
39430
39431
39435
39436
39438
39439
39440
39442
39443
39445
39450
39451
39456
39457
39460
39464
39465
39467
39472
39477
39478
39481
39482
39484
39488
39489
39492
39493
39494
39495
39497
39499
39502
39503
39505
39508
39510
39511
39512
39513
39514
39515
39516
39520
39523
39525
39527
39528
39529
39530
39531
39535
39536
39539
39542
39544
39545
39547
39549
39550
39551
39552
39553
39557
39559
39563
39564
39565
39567
39570
39571
39574
39577
39578
39579
39580
39582
39583
39585
39586
39590
39592
39594
39597
39599
39604
39611
39612
39613
39614
39615
39617
39618
39622
39623
39627
39630
39633
39635
39636
39639
39642
39645
39646
39647
39648
39650
39652
39653
39654
39655
39657
39658
39662
39664
39666
39671
39673
39674
39676
39677
39679
39681
39685
39686
39687
39689
39691
39692
39698
39702
39703
39704
39706
39712
39714
39716
39718
39720
39726
39727
39730
39733
39739
39740
39741
39742
39743
39744
39745
39749
39750
39751
39752
39753
39754
39755
39758
39759
39761
39762
39763
39764
39766
39767
39770
39771
39778
39781
39782
39783
39784
39787
39788
39789
39790
39792
39795
39796
39797
39799
39803
39805
39806
39811
39812
39813
39816
39817
39821
39823
39824
39825
39826
39827
39829
39830
39831
39834
39837
39839
39842
39843
39844
39846
39847
39851
39852
39854
39855
39857
39858
39859
39860
39861
39865
39867
39872
39875
39876
39880
39882
39887
39888
39890
39891
39893
39895
39898
39902
39903
39905
39907
39911
39915
39923
39926
39927
39928
39929
39935
39937
39939
39942
39943
39944
39945
39950
39951
39953
39954
39957
39958
39960
39961
39962
39964
39965
39967
39968
39970
39972
39973
39975
39976
39978
39979
39980
39982
39984
39985
39986
39987
40004
40012
40014
40016
40020
40026
40028
40029
40032
40033
40034
40037
40038
40039
40040
40047
40049
40050
40053
40062
40063
40064
40065
40070
40071
40073
40075
40080
40083
40088
40090
40096
40100
40101
40107
40108
40111
40115
40116
40118
40123
40125
40128
40129
40132
40133
40134
40135
40138
40143
40144
40145
40146
40147
40149
40151
40152
40156
40157
40158
40160
40161
40164
40166
40167
40168
40170
40171
40174
40175
40181
40183
40186
40189
40192
40193
40195
40199
40201
40202
40204
40207
40211
40212
40213
40216
40219
40220
40224
40225
40226
40227
40233
40237
40239
40240
40241
40246
40248
40249
40250
40251
40255
40256
40258
40263
40264
40266
40267
40271
40274
40275
40281
40282
40283
40285
40286
40289
40290
40292
40293
40297
40300
40302
40303
40305
40307
40308
40311
40312
40314
40317
40323
40324
40327
40328
40332
40333
40339
40341
40344
40345
40346
40347
40348
40350
40352
40353
40354
40355
40356
40357
40358
40361
40362
40366
40368
40369
40370
40373
40374
40376
40378
40380
40381
40382
40384
40385
40386
40388
40391
40392
40397
40398
40400
40401
40404
40408
40409
40410
40411
40414
40417
40419
40420
40423
40425
40427
40428
40429
40430
40431
40435
40443
40447
40450
40451
40452
40454
40455
40456
40465
40467
40469
40470
40473
40475
40477
40478
40479
40480
40482
40485
40486
40488
40489
40491
40492
40494
40500
40501
40502
40503
40504
40505
40509
40510
40518
40523
40525
40527
40528
40529
40530
40532
40536
40537
40540
40541
40542
40544
40545
40547
40552
40554
40559
40561
40562
40563
40564
40568
40571
40572
40577
40580
40584
40589
40591
40593
40594
40597
40599
40600
40602
40605
40609
40610
40613
40614
40615
40617
40624
40627
40628
40630
40631
40632
40633
40634
40635
40640
40641
40642
40643
40646
40652
40653
40655
40656
40657
40659
40664
40667
40670
40671
40672
40673
40675
40677
40678
40679
40683
40684
40685
40687
40688
40693
40699
40701
40702
40707
40712
40713
40715
40716
40718
40719
40720
40721
40727
40729
40732
40733
40739
40742
40745
40747
40749
40751
40754
40755
40756
40760
40761
40762
40764
40769
40772
40773
40774
40780
40782
40785
40786
40787
40788
40790
40791
40793
40797
40799
40803
40805
40808
40811
40812
40813
40814
40815
40816
40817
40818
40819
40820
40823
40826
40829
40832
40834
40835
40836
40839
40840
40845
40848
40851
40853
40855
40856
40857
40858
40861
40863
40868
40870
40871
40872
40874
40878
40879
40884
40889
40890
40891
40893
40894
40896
40897
40900
40901
40905
40908
40912
40914
40916
40917
40918
40919
40920
40921
40922
40926
40929
40932
40933
40935
40937
40940
40942
40944
40947
40948
40949
40950
40951
40952
40953
40954
40957
40961
40967
40968
40969
40970
40972
40973
40976
40979
40980
40983
40985
40987
40988
40993
40995
40999
41000
41001
41005
41006
41008
41010
41012
41013
41014
41015
41016
41017
41019
41020
41022
41029
41031
41036
41039
41040
41042
41043
41049
41050
41052
41053
41054
41061
41064
41065
41066
41068
41069
41075
41076
41077
41078
41080
41081
41082
41087
41090
41093
41095
41096
41099
41100
41101
41105
41113
41115
41118
41119
41122
41125
41126
41127
41129
41131
41132
41133
41136
41138
41139
41140
41141
41142
41144
41146
41147
41151
41152
41153
41155
41156
41158
41159
41160
41161
41163
41165
41166
41167
41169
41170
41171
41173
41175
41177
41178
41182
41183
41185
41186
41191
41192
41193
41196
41197
41198
41200
41201
41204
41205
41208
41209
41211
41213
41217
41221
41223
41224
41228
41230
41231
41232
41233
41234
41239
41242
41243
41244
41246
41247
41248
41250
41251
41255
41256
41257
41258
41260
41262
41263
41265
41268
41269
41270
41271
41272
41273
41274
41275
41276
41278
41285
41289
41290
41291
41292
41295
41297
41298
41305
41306
41307
41313
41318
41324
41325
41328
41329
41333
41334
41335
41336
41339
41340
41341
41343
41353
41354
41358
41359
41360
41361
41363
41364
41365
41366
41368
41375
41378
41380
41382
41386
41388
41391
41392
41396
41397
41400
41402
41407
41414
41416
41417
41423
41424
41427
41430
41433
41434
41439
41443
41445
41446
41452
41453
41455
41457
41459
41461
41462
41463
41467
41468
41469
41475
41476
41478
41479
41484
41491
41495
41496
41500
41501
41502
41504
41505
41507
41508
41510
41511
41512
41513
41514
41516
41517
41518
41520
41521
41525
41528
41530
41531
41535
41536
41537
41539
41542
41544
41545
41547
41549
41550
41551
41552
41553
41557
41561
41562
41564
41565
41567
41568
41569
41572
41574
41581
41583
41584
41586
41589
41591
41594
41596
41600
41602
41605
41609
41611
41613
41614
41618
41622
41623
41624
41625
41626
41630
41633
41634
41636
41637
41638
41641
41642
41643
41645
41646
41647
41650
41653
41655
41658
41659
41660
41662
41664
41665
41666
41668
41669
41670
41671
41674
41675
41676
41678
41679
41680
41683
41688
41689
41691
41692
41696
41697
41698
41699
41700
41701
41702
41703
41706
41707
41710
41712
41713
41714
41716
41717
41722
41724
41727
41728
41729
41730
41733
41737
41738
41741
41749
41752
41753
41754
41755
41759
41764
41767
41774
41776
41779
41780
41781
41783
41784
41786
41787
41788
41789
41790
41791
41792
41795
41796
41801
41802
41803
41804
41809
41814
41820
41827
41829
41831
41835
41836
41839
41840
41844
41846
41847
41850
41851
41853
41854
41855
41856
41858
41861
41862
41863
41864
41867
41872
41876
41879
41880
41882
41883
41890
41891
41893
41896
41897
41898
41899
41900
41903
41904
41907
41908
41909
41913
41915
41916
41919
41920
41921
41922
41925
41926
41928
41930
41931
41932
41933
41934
41935
41936
41939
41942
41947
41952
41954
41956
41957
41959
41962
41963
41964
41965
41966
41972
41973
41974
41975
41977
41978
41979
41981
41985
41986
41991
41995
42001
42002
42003
42004
42005
42007
42009
42011
42014
42016
42018
42019
42024
42026
42027
42028
42032
42033
42037
42041
42042
42044
42046
42048
42051
42053
42054
42056
42057
42058
42060
42061
42067
42070
42071
42072
42073
42076
42078
42079
42080
42086
42087
42089
42091
42092
42093
42095
42097
42098
42102
42103
42104
42105
42108
42110
42112
42115
42116
42118
42119
42120
42122
42125
42126
42127
42128
42139
42140
42143
42144
42145
42146
42149
42151
42152
42153
42157
42158
42159
42162
42164
42166
42167
42169
42171
42176
42178
42180
42182
42183
42185
42188
42189
42191
42195
42196
42197
42199
42201
42204
42206
42210
42220
42222
42228
42230
42233
42234
42237
42243
42244
42246
42249
42250
42251
42256
42257
42258
42261
42262
42263
42264
42267
42269
42270
42274
42276
42281
42282
42286
42289
42290
42292
42294
42297
42300
42301
42303
42304
42306
42307
42310
42311
42312
42314
42315
42316
42318
42320
42324
42325
42327
42328
42331
42333
42335
42337
42340
42342
42344
42345
42346
42348
42349
42351
42356
42358
42359
42360
42362
42363
42364
42365
42366
42369
42370
42371
42374
42377
42378
42381
42384
42385
42386
42389
42392
42397
42398
42401
42403
42404
42405
42406
42407
42411
42413
42417
42420
42422
42426
42428
42432
42433
42434
42435
42441
42442
42443
42446
42449
42450
42451
42452
42459
42461
42462
42464
42465
42467
42468
42470
42473
42477
42478
42479
42481
42482
42483
42484
42485
42486
42488
42496
42499
42500
42507
42508
42511
42513
42516
42519
42521
42524
42525
42527
42528
42531
42532
42533
42534
42535
42536
42543
42547
42549
42553
42558
42559
42562
42563
42568
42570
42572
42573
42584
42598
42604
42606
42607
42610
42611
42612
42618
42619
42622
42624
42628
42630
42634
42636
42637
42641
42642
42644
42649
42650
42653
42655
42665
42666
42667
42669
42672
42673
42674
42675
42677
42680
42684
42691
42693
42696
42699
42700
42704
42706
42709
42710
42711
42714
42715
42717
42718
42719
42721
42724
42726
42727
42728
42730
42733
42734
42735
42741
42744
42745
42746
42747
42748
42749
42750
42752
42753
42754
42756
42759
42762
42764
42765
42769
42770
42774
42775
42777
42778
42780
42782
42784
42785
42786
42787
42791
42793
42799
42800
42804
42807
42808
42809
42812
42813
42815
42820
42822
42824
42825
42826
42828
42832
42833
42834
42835
42837
42838
42842
42844
42847
42849
42853
42854
42857
42861
42862
42863
42864
42868
42872
42873
42874
42875
42877
42880
42881
42883
42884
42889
42891
42895
42896
42897
42898
42900
42901
42902
42903
42904
42905
42907
42912
42916
42918
42923
42925
42927
42930
42933
42934
42936
42940
42941
42942
42943
42945
42946
42948
42949
42953
42955
42957
42959
42960
42964
42966
42967
42969
42970
42972
42974
42975
42978
42980
42981
42985
42986
42988
42991
42992
42994
42995
43000
43001
43005
43008
43009
43014
43015
43017
43018
43019
43021
43029
43030
43033
43034
43036
43038
43041
43042
43043
43044
43045
43046
43050
43051
43054
43057
43058
43060
43062
43063
43064
43065
43066
43069
43070
43072
43073
43074
43075
43081
43082
43085
43086
43088
43089
43091
43092
43094
43099
43102
43104
43110
43111
43113
43114
43117
43119
43124
43126
43127
43129
43132
43133
43134
43135
43136
43140
43142
43144
43145
43149
43152
43158
43159
43161
43163
43167
43169
43170
43171
43183
43187
43188
43191
43192
43193
43194
43195
43196
43197
43204
43205
43211
43214
43216
43217
43218
43220
43222
43224
43225
43230
43236
43241
43242
43243
43244
43246
43247
43248
43250
43253
43254
43255
43256
43257
43260
43261
43265
43269
43274
43275
43282
43284
43285
43287
43288
43289
43291
43293
43299
43301
43303
43304
43307
43309
43311
43313
43315
43316
43317
43319
43322
43325
43330
43332
43334
43335
43343
43344
43345
43349
43354
43356
43357
43361
43362
43363
43364
43367
43369
43370
43371
43372
43373
43374
43377
43378
43379
43382
43385
43386
43388
43389
43395
43396
43398
43399
43401
43402
43405
43406
43407
43410
43415
43424
43428
43431
43432
43434
43437
43438
43439
43440
43441
43442
43444
43446
43447
43448
43449
43451
43453
43454
43456
43457
43459
43461
43466
43469
43471
43472
43473
43477
43479
43483
43485
43488
43489
43490
43492
43493
43494
43495
43496
43497
43498
43501
43506
43507
43510
43512
43515
43517
43520
43521
43529
43530
43532
43534
43536
43537
43541
43542
43554
43555
43556
43558
43563
43567
43568
43570
43574
43576
43580
43581
43583
43587
43592
43595
43601
43602
43603
43605
43606
43609
43611
43614
43618
43619
43621
43623
43626
43636
43637
43638
43639
43640
43643
43651
43659
43661
43663
43665
43666
43669
43672
43674
43676
43687
43688
43690
43691
43693
43694
43695
43696
43697
43701
43703
43705
43707
43710
43714
43718
43720
43722
43723
43725
43728
43729
43732
43733
43736
43737
43739
43740
43741
43743
43744
43746
43749
43751
43752
43753
43757
43759
43761
43767
43773
43775
43776
43777
43778
43779
43782
43783
43786
43787
43788
43792
43793
43796
43798
43801
43802
43806
43807
43812
43816
43818
43819
43822
43823
43824
43826
43831
43837
43838
43840
43841
43845
43846
43849
43850
43852
43855
43856
43857
43858
43859
43860
43865
43866
43868
43870
43872
43873
43877
43881
43883
43886
43888
43891
43896
43899
43900
43906
43908
43913
43915
43919
43923
43925
43928
43934
43935
43936
43937
43940
43943
43945
43947
43948
43950
43951
43952
43956
43957
43962
43964
43965
43969
43971
43977
43978
43984
43985
43986
43987
43988
43995
43996
43998
43999
44001
44003
44007
44009
44010
44013
44014
44025
44026
44032
44034
44038
44039
44040
44042
44043
44044
44047
44048
44051
44053
44054
44055
44059
44062
44065
44067
44075
44079
44080
44081
44084
44086
44089
44090
44096
44101
44102
44103
44104
44109
44115
44116
44120
44121
44122
44123
44126
44127
44128
44131
44132
44134
44141
44142
44143
44150
44151
44153
44157
44159
44163
44164
44168
44170
44171
44172
44173
44177
44178
44179
44181
44189
44195
44198
44200
44201
44206
44208
44212
44213
44214
44216
44217
44218
44221
44222
44223
44225
44226
44227
44229
44231
44234
44237
44239
44241
44242
44243
44246
44249
44252
44253
44254
44255
44257
44258
44259
44265
44269
44270
44271
44274
44275
44279
44280
44283
44284
44286
44289
44294
44298
44299
44300
44301
44303
44305
44307
44312
44313
44315
44316
44317
44318
44324
44325
44327
44328
44329
44331
44333
44335
44336
44339
44340
44341
44343
44350
44351
44353
44356
44359
44362
44364
44365
44366
44367
44368
44372
44373
44380
44383
44388
44393
44394
44395
44398
44399
44402
44407
44409
44410
44411
44413
44416
44417
44424
44425
44426
44429
44431
44436
44440
44444
44445
44447
44448
44450
44452
44456
44457
44458
44463
44464
44465
44466
44473
44475
44477
44479
44483
44484
44487
44489
44491
44495
44498
44499
44500
44504
44505
44512
44515
44518
44521
44525
44528
44529
44531
44532
44533
44539
44540
44543
44549
44550
44553
44556
44557
44558
44560
44561
44562
44566
44568
44569
44570
44571
44572
44574
44575
44579
44585
44589
44591
44598
44601
44603
44604
44608
44610
44611
44613
44622
44630
44632
44634
44637
44640
44641
44642
44643
44644
44647
44648
44651
44653
44656
44658
44661
44663
44664
44665
44666
44667
44668
44669
44670
44671
44674
44676
44678
44680
44685
44687
44692
44693
44694
44696
44699
44700
44703
44705
44706
44715
44719
44720
44721
44722
44723
44728
44731
44734
44736
44737
44738
44741
44742
44745
44746
44747
44749
44751
44752
44754
44755
44758
44761
44764
44766
44767
44770
44771
44776
44778
44779
44781
44782
44784
44786
44787
44791
44797
44798
44800
44802
44804
44806
44812
44814
44816
44820
44821
44822
44823
44824
44828
44831
44833
44843
44848
44851
44853
44854
44857
44861
44864
44865
44866
44868
44870
44871
44873
44874
44875
44877
44878
44883
44888
44893
44894
44896
44899
44900
44901
44903
44905
44909
44911
44912
44913
44917
44918
44921
44925
44926
44932
44935
44936
44937
44938
44941
44942
44943
44947
44949
44950
44954
44955
44958
44959
44960
44962
44966
44969
44970
44971
44972
44974
44979
44980
44983
44989
44990
44993
45001
45002
45004
45005
45008
45009
45016
45018
45022
45023
45026
45028
45030
45034
45040
45044
45046
45051
45052
45053
45054
45055
45057
45059
45064
45068
45070
45071
45074
45075
45078
45079
45080
45083
45086
45088
45089
45090
45092
45093
45097
45099
45102
45104
45105
45106
45112
45116
45119
45120
45122
45123
45127
45128
45129
45132
45133
45135
45140
45141
45143
45147
45148
45149
45150
45152
45154
45157
45158
45164
45169
45174
45178
45179
45180
45182
45183
45184
45186
45190
45191
45192
45193
45195
45197
45198
45199
45205
45212
45214
45215
45216
45217
45219
45221
45222
45227
45228
45229
45232
45233
45234
45238
45239
45240
45243
45245
45247
45248
45249
45253
45258
45263
45265
45266
45269
45270
45274
45275
45277
45280
45284
45285
45287
45290
45292
45295
45297
45299
45301
45302
45304
45305
45306
45309
45311
45312
45316
45318
45320
45321
45322
45323
45326
45327
45328
45329
45330
45332
45333
45334
45338
45339
45341
45342
45344
45345
45346
45348
45351
45356
45358
45359
45362
45366
45368
45369
45373
45374
45375
45376
45378
45394
45396
45400
45401
45403
45407
45409
45411
45412
45414
45416
45418
45421
45425
45426
45430
45432
45435
45441
45442
45445
45447
45450
45452
45455
45457
45460
45461
45462
45463
45465
45467
45468
45469
45476
45478
45479
45486
45491
45495
45501
45502
45504
45506
45511
45513
45516
45517
45518
45519
45524
45525
45529
45533
45534
45535
45540
45543
45545
45546
45548
45551
45552
45554
45555
45559
45560
45566
45568
45569
45574
45575
45576
45579
45584
45586
45588
45595
45597
45600
45602
45607
45608
45614
45615
45618
45619
45621
45622
45623
45625
45626
45627
45629
45630
45632
45633
45635
45636
45641
45646
45651
45652
45655
45659
45662
45665
45669
45675
45683
45685
45687
45688
45689
45692
45696
45697
45698
45702
45703
45705
45707
45708
45712
45713
45714
45718
45720
45723
45727
45730
45731
45732
45735
45739
45740
45743
45746
45752
45753
45760
45762
45766
45767
45772
45774
45775
45776
45779
45781
45783
45787
45788
45790
45792
45793
45794
45796
45805
45807
45808
45812
45813
45815
45822
45826
45827
45831
45833
45834
45838
45841
45842
45845
45848
45849
45852
45854
45856
45858
45859
45860
45862
45863
45864
45867
45868
45869
45870
45878
45879
45883
45886
45888
45889
45890
45893
45897
45898
45899
45901
45905
45906
45911
45912
45914
45916
45918
45922
45923
45924
45925
45928
45931
45932
45936
45939
45940
45944
45950
45952
45954
45956
45957
45959
45960
45968
45969
45970
45972
45973
45975
45976
45980
45981
45983
45984
45985
45989
45992
45993
45994
45995
45996
46003
46006
46007
46008
46009
46011
46013
46015
46016
46017
46018
46022
46023
46026
46028
46032
46033
46035
46038
46039
46040
46043
46050
46051
46052
46059
46060
46061
46064
46067
46073
46074
46076
46082
46084
46086
46088
46089
46090
46091
46094
46097
46099
46101
46103
46104
46111
46112
46113
46115
46120
46121
46124
46125
46127
46133
46134
46136
46137
46138
46142
46143
46148
46149
46151
46154
46157
46160
46163
46164
46165
46166
46170
46171
46172
46174
46175
46178
46181
46182
46189
46193
46194
46197
46201
46202
46203
46209
46213
46217
46219
46221
46222
46224
46228
46231
46234
46236
46238
46239
46242
46250
46251
46253
46254
46255
46257
46264
46265
46266
46268
46269
46273
46276
46284
46285
46286
46289
46290
46293
46295
46299
46302
46303
46306
46310
46314
46315
46317
46323
46325
46328
46333
46338
46339
46342
46343
46344
46345
46346
46352
46353
46355
46357
46358
46361
46362
46363
46367
46368
46370
46372
46373
46374
46377
46379
46385
46389
46393
46396
46397
46398
46399
46402
46403
46407
46410
46411
46414
46415
46418
46423
46426
46427
46434
46436
46437
46438
46439
46441
46446
46448
46449
46453
46454
46458
46460
46466
46467
46476
46480
46481
46482
46483
46484
46485
46487
46489
46490
46491
46493
46495
46497
46499
46501
46505
46506
46507
46508
46509
46510
46511
46520
46522
46523
46525
46533
46535
46536
46539
46544
46547
46548
46549
46552
46553
46554
46555
46557
46559
46560
46561
46563
46565
46566
46568
46569
46573
46578
46584
46587
46589
46596
46599
46600
46604
46605
46608
46609
46610
46616
46618
46620
46621
46623
46624
46625
46627
46628
46632
46633
46635
46636
46637
46640
46643
46644
46648
46649
46652
46653
46654
46658
46661
46663
46664
46668
46670
46674
46675
46676
46683
46684
46685
46687
46690
46694
46697
46698
46706
46708
46710
46712
46714
46715
46716
46717
46719
46721
46723
46726
46729
46734
46736
46737
46739
46746
46747
46754
46760
46761
46763
46767
46768
46769
46770
46772
46781
46782
46784
46785
46786
46787
46796
46804
46805
46809
46810
46814
46815
46817
46820
46824
46825
46828
46830
46835
46837
46839
46840
46850
46856
46857
46862
46864
46866
46867
46868
46871
46873
46877
46878
46881
46886
46889
46890
46893
46896
46898
46902
46904
46905
46908
46909
46910
46912
46918
46919
46921
46922
46923
46924
46925
46926
46927
46930
46931
46932
46937
46938
46942
46943
46944
46945
46947
46948
46949
46950
46951
46953
46958
46960
46961
46962
46963
46964
46966
46967
46968
46973
46975
46976
46981
46984
46985
46987
46989
46990
46995
46999
47000
47001
47002
47006
47009
47014
47015
47016
47020
47021
47024
47026
47028
47033
47034
47035
47045
47048
47049
47055
47057
47059
47060
47061
47066
47067
47070
47072
47074
47075
47077
47078
47080
47081
47090
47091
47092
47094
47095
47096
47098
47103
47104
47106
47107
47108
47109
47110
47114
47116
47117
47123
47126
47127
47130
47133
47140
47142
47144
47145
47146
47148
47152
47154
47157
47158
47160
47162
47163
47164
47165
47173
47176
47177
47180
47185
47187
47188
47189
47191
47193
47194
47198
47201
47202
47204
47205
47206
47209
47211
47212
47216
47222
47223
47224
47231
47232
47234
47236
47237
47238
47241
47243
47246
47248
47252
47253
47259
47260
47262
47265
47266
47270
47271
47272
47274
47275
47276
47277
47278
47279
47280
47286
47289
47291
47292
47293
47302
47304
47307
47308
47313
47315
47317
47318
47322
47324
47326
47327
47329
47334
47335
47336
47337
47338
47340
47344
47345
47346
47348
47351
47352
47353
47354
47355
47356
47357
47362
47364
47370
47374
47375
47377
47378
47381
47384
47386
47388
47391
47393
47394
47398
47406
47407
47409
47410
47411
47413
47415
47416
47418
47425
47428
47432
47434
47437
47438
47439
47440
47442
47443
47450
47451
47455
47456
47459
47461
47468
47471
47473
47477
47478
47480
47484
47485
47491
47492
47493
47494
47495
47501
47502
47503
47504
47506
47509
47510
47512
47514
47515
47517
47519
47523
47524
47525
47526
47527
47528
47529
47532
47538
47541
47544
47547
47548
47554
47557
47558
47559
47561
47565
47566
47567
47571
47577
47579
47581
47584
47586
47589
47590
47592
47593
47594
47596
47599
47602
47608
47609
47612
47613
47614
47621
47622
47625
47627
47629
47633
47635
47638
47640
47641
47642
47643
47647
47656
47658
47659
47663
47665
47669
47673
47674
47675
47676
47677
47678
47680
47681
47686
47692
47694
47698
47699
47702
47703
47704
47710
47718
47720
47722
47726
47731
47733
47734
47737
47739
47740
47741
47743
47744
47749
47752
47755
47756
47758
47760
47763
47768
47769
47771
47775
47776
47777
47778
47779
47780
47781
47782
47784
47785
47788
47789
47791
47792
47793
47797
47801
47802
47805
47813
47815
47816
47817
47821
47822
47823
47825
47828
47831
47832
47834
47835
47836
47837
47843
47851
47852
47854
47860
47861
47863
47866
47869
47870
47872
47874
47876
47879
47881
47888
47890
47891
47893
47897
47898
47904
47905
47906
47910
47911
47912
47913
47914
47915
47916
47921
47927
47928
47929
47932
47933
47934
47936
47937
47941
47943
47944
47946
47952
47954
47955
47956
47957
47958
47960
47961
47965
47966
47967
47973
47978
47979
47985
47986
47987
47993
47994
47995
47999
48000
48003
48005
48014
48015
48017
48018
48020
48022
48023
48028
48029
48030
48032
48033
48036
48038
48039
48040
48043
48050
48056
48058
48061
48066
48068
48070
48072
48075
48077
48078
48079
48080
48082
48084
48086
48088
48089
48092
48095
48098
48099
48102
48109
48112
48113
48114
48115
48118
48120
48124
48125
48127
48129
48130
48131
48133
48142
48144
48147
48148
48149
48150
48153
48154
48155
48156
48157
48159
48161
48162
48163
48164
48166
48167
48169
48171
48172
48175
48176
48177
48180
48183
48185
48188
48189
48193
48199
48203
48212
48213
48217
48220
48223
48224
48228
48230
48231
48232
48233
48234
48237
48241
48244
48245
48248
48257
48260
48261
48264
48267
48269
48270
48271
48274
48277
48281
48285
48286
48288
48289
48293
48295
48297
48298
48302
48303
48306
48308
48309
48311
48313
48315
48316
48319
48321
48322
48323
48325
48326
48327
48328
48329
48330
48331
48335
48336
48337
48338
48339
48340
48342
48343
48345
48346
48347
48349
48350
48352
48353
48355
48357
48358
48365
48367
48370
48372
48373
48374
48377
48380
48381
48386
48387
48391
48392
48393
48395
48396
48398
48400
48402
48403
48406
48408
48410
48411
48413
48417
48419
48420
48421
48423
48428
48429
48431
48434
48436
48437
48438
48440
48441
48444
48450
48456
48460
48462
48463
48467
48473
48476
48477
48478
48480
48481
48482
48483
48485
48487
48494
48495
48500
48501
48502
48504
48507
48508
48509
48510
48513
48519
48523
48525
48526
48531
48532
48534
48536
48539
48540
48544
48547
48555
48559
48560
48561
48565
48566
48567
48570
48571
48572
48573
48576
48578
48583
48584
48588
48591
48593
48595
48596
48603
48611
48614
48621
48624
48630
48632
48633
48634
48635
48638
48645
48647
48649
48654
48659
48661
48662
48663
48664
48678
48679
48681
48684
48685
48688
48690
48692
48693
48694
48696
48702
48703
48704
48710
48711
48715
48716
48718
48719
48720
48723
48724
48730
48733
48735
48736
48738
48743
48745
48749
48752
48753
48754
48755
48756
48758
48759
48763
48765
48767
48768
48769
48770
48772
48776
48778
48782
48786
48787
48788
48790
48793
48797
48804
48807
48808
48810
48814
48815
48816
48819
48821
48825
48826
48827
48829
48832
48834
48836
48837
48840
48841
48842
48844
48845
48854
48855
48856
48857
48861
48864
48865
48867
48874
48875
48876
48877
48879
48880
48881
48884
48885
48889
48893
48897
48902
48903
48906
48907
48910
48912
48917
48918
48922
48923
48924
48925
48926
48927
48934
48939
48942
48943
48946
48948
48950
48953
48954
48955
48957
48958
48959
48961
48963
48970
48973
48976
48978
48992
48993
48995
48997
48999
49000
49002
49004
49009
49010
49016
49018
49019
49028
49031
49034
49036
49041
49042
49044
49045
49048
49051
49057
49058
49059
49060
49061
49063
49064
49067
49070
49073
49074
49078
49080
49083
49084
49089
49091
49092
49093
49098
49100
49102
49105
49110
49113
49114
49120
49123
49126
49129
49130
49132
49133
49135
49136
49139
49140
49146
49147
49148
49150
49151
49154
49156
49157
49159
49160
49161
49162
49163
49165
49166
49170
49171
49172
49180
49186
49190
49192
49195
49196
49197
49198
49199
49201
49203
49204
49209
49210
49211
49217
49218
49219
49220
49221
49222
49226
49227
49228
49229
49231
49238
49240
49242
49251
49252
49256
49258
49264
49265
49267
49272
49278
49280
49282
49283
49285
49287
49296
49302
49303
49304
49305
49311
49312
49313
49314
49316
49317
49318
49320
49321
49324
49325
49326
49327
49331
49336
49337
49340
49342
49343
49346
49347
49351
49356
49359
49360
49362
49367
49368
49369
49370
49371
49372
49374
49376
49379
49381
49386
49390
49392
49394
49395
49396
49399
49400
49401
49403
49406
49408
49410
49411
49414
49415
49419
49422
49424
49427
49428
49431
49432
49433
49434
49435
49436
49437
49442
49443
49448
49452
49457
49458
49465
49468
49470
49472
49475
49476
49477
49479
49481
49482
49483
49484
49485
49487
49488
49490
49491
49492
49494
49497
49498
49499
49500
49503
49506
49508
49511
49515
49520
49522
49523
49524
49525
49530
49531
49532
49536
49539
49544
49547
49548
49553
49554
49557
49558
49559
49560
49564
49567
49569
49572
49574
49576
49577
49579
49580
49583
49586
49593
49597
49601
49606
49614
49619
49621
49622
49623
49624
49625
49632
49633
49638
49640
49645
49647
49650
49652
49653
49654
49655
49658
49660
49664
49665
49666
49667
49668
49671
49673
49676
49678
49683
49687
49693
49694
49695
49696
49698
49703
49704
49709
49711
49715
49716
49717
49718
49719
49720
49722
49724
49728
49730
49735
49738
49743
49744
49747
49749
49754
49755
49759
49765
49766
49768
49769
49772
49773
49777
49779
49784
49785
49787
49788
49790
49792
49795
49798
49799
49800
49805
49807
49808
49810
49811
49813
49814
49815
49825
49827
49831
49834
49835
49836
49837
49838
49839
49842
49844
49847
49848
49850
49852
49855
49857
49859
49860
49864
49870
49879
49880
49881
49883
49884
49886
49889
49900
49902
49904
49909
49913
49914
49915
49916
49922
49926
49929
49932
49933
49934
49938
49940
49941
49942
49943
49944
49946
49948
49949
49954
49955
49956
49959
49963
49964
49967
49968
49969
49970
49971
49977
49979
49980
49982
49986
49987
49988
49990
49991
49992
49993
49994
49995
49998
50000
50002
50003
50007
50013
50014
50016
50017
50020
50021
50024
50026
50027
50028
50029
50030
50031
50032
50034
50036
50038
50039
50040
50044
50045
50058
50059
50061
50065
50069
50076
50079
50081
50083
50087
50090
50093
50095
50096
50098
50099
50100
50101
50104
50105
50106
50110
50111
50118
50119
50125
50128
50133
50136
50137
50139
50142
50148
50150
50151
50152
50153
50157
50158
50160
50161
50162
50164
50167
50170
50173
50180
50183
50184
50185
50189
50190
50191
50199
50202
50203
50204
50207
50209
50210
50213
50217
50218
50224
50225
50230
50231
50233
50235
50237
50239
50240
50242
50245
50250
50253
50254
50255
50257
50258
50260
50262
50265
50267
50272
50273
50275
50277
50280
50283
50284
50285
50293
50301
50305
50307
50309
50315
50316
50317
50319
50320
50326
50329
50332
50334
50335
50336
50341
50344
50350
50353
50354
50355
50356
50357
50359
50360
50365
50367
50368
50369
50371
50372
50376
50377
50386
50389
50391
50392
50394
50397
50398
50399
50400
50407
50414
50417
50423
50425
50428
50433
50437
50438
50443
50447
50448
50449
50452
50453
50454
50459
50460
50461
50464
50465
50466
50468
50469
50471
50474
50483
50485
50488
50491
50492
50499
50500
50502
50504
50505
50509
50514
50515
50522
50526
50527
50528
50534
50536
50538
50539
50541
50542
50543
50545
50547
50548
50549
50550
50552
50554
50555
50557
50558
50560
50566
50567
50568
50574
50576
50577
50578
50581
50584
50585
50590
50592
50596
50597
50600
50601
50603
50605
50607
50609
50610
50611
50612
50614
50618
50623
50625
50629
50630
50632
50633
50637
50638
50639
50643
50646
50647
50648
50653
50654
50656
50658
50659
50660
50663
50665
50668
50669
50671
50683
50688
50690
50691
50692
50693
50695
50696
50702
50706
50710
50713
50714
50715
50716
50717
50719
50720
50724
50727
50728
50729
50731
50736
50737
50738
50742
50745
50748
50749
50755
50756
50763
50764
50766
50767
50768
50769
50772
50774
50775
50779
50781
50786
50791
50795
50796
50802
50804
50807
50815
50818
50819
50820
50823
50827
50831
50832
50833
50837
50839
50842
50846
50850
50855
50856
50858
50859
50863
50864
50867
50869
50872
50875
50876
50879
50882
50885
50891
50892
50893
50894
50901
50906
50918
50919
50920
50921
50922
50927
50928
50931
50934
50937
50941
50943
50945
50947
50949
50951
50952
50956
50957
50958
50960
50963
50965
50966
50973
50975
50976
50977
50979
50982
50983
50984
50985
50986
50987
50988
50989
50990
50992
50994
50997
50998
51000
51001
51004
51005
51006
51008
51010
51014
51016
51024
51028
51030
51032
51034
51036
51038
51043
51044
51046
51047
51048
51051
51052
51054
51056
51057
51059
51060
51063
51067
51068
51071
51074
51075
51079
51080
51083
51088
51090
51098
51099
51101
51102
51103
51106
51110
51111
51112
51114
51119
51123
51128
51129
51137
51142
51147
51151
51154
51155
51157
51158
51163
51164
51165
51169
51172
51175
51178
51179
51182
51183
51185
51186
51189
51190
51192
51194
51199
51201
51203
51206
51207
51209
51211
51216
51218
51219
51221
51228
51231
51237
51238
51239
51243
51245
51247
51258
51260
51270
51273
51274
51278
51280
51282
51283
51284
51286
51287
51290
51297
51299
51301
51302
51304
51307
51309
51313
51319
51320
51323
51325
51328
51331
51334
51336
51337
51343
51344
51345
51346
51350
51351
51355
51356
51357
51358
51359
51360
51362
51364
51366
51372
51373
51375
51376
51379
51381
51382
51383
51386
51388
51389
51393
51397
51398
51399
51404
51405
51409
51411
51412
51413
51415
51416
51418
51420
51422
51429
51432
51433
51439
51442
51444
51446
51454
51455
51456
51457
51458
51459
51460
51461
51463
51474
51479
51481
51482
51484
51486
51494
51495
51499
51502
51505
51507
51509
51516
51519
51520
51522
51527
51529
51533
51534
51538
51542
51543
51544
51548
51549
51553
51554
51556
51558
51560
51561
51563
51564
51569
51570
51571
51572
51575
51577
51578
51584
51586
51588
51591
51594
51599
51600
51601
51602
51604
51607
51609
51610
51612
51614
51616
51618
51619
51623
51624
51629
51631
51632
51633
51637
51638
51648
51652
51654
51659
51660
51662
51663
51664
51665
51666
51667
51668
51676
51681
51688
51689
51690
51691
51692
51693
51696
51698
51700
51701
51704
51711
51714
51715
51716
51718
51721
51722
51727
51728
51730
51731
51734
51735
51738
51739
51740
51741
51745
51746
51747
51755
51756
51761
51763
51764
51773
51775
51777
51779
51781
51782
51783
51784
51785
51790
51792
51797
51807
51808
51809
51811
51816
51826
51830
51831
51833
51835
51838
51839
51841
51842
51845
51849
51850
51851
51852
51854
51855
51856
51857
51862
51863
51864
51865
51866
51871
51873
51876
51882
51883
51886
51888
51895
51896
51898
51900
51902
51903
51907
51910
51911
51917
51919
51922
51924
51925
51926
51927
51928
51929
51930
51933
51935
51936
51937
51938
51939
51941
51948
51954
51955
51958
51968
51969
51972
51974
51976
51977
51981
51982
51984
51985
51988
51989
51998
52000
52001
52005
52008
52010
52011
52012
52019
52022
52023
52026
52033
52034
52035
52036
52037
52038
52039
52040
52041
52044
52046
52049
52051
52061
52063
52065
52066
52067
52068
52074
52075
52077
52079
52081
52084
52085
52086
52088
52092
52094
52097
52099
52106
52108
52112
52116
52117
52118
52121
52125
52126
52129
52132
52133
52137
52138
52142
52144
52145
52148
52149
52151
52152
52154
52155
52157
52159
52166
52172
52173
52178
52179
52180
52181
52182
52186
52193
52195
52201
52202
52206
52219
52221
52223
52225
52226
52228
52231
52233
52234
52237
52239
52243
52250
52251
52254
52262
52263
52264
52265
52267
52268
52269
52272
52274
52275
52277
52279
52285
52289
52290
52291
52297
52302
52303
52304
52307
52308
52309
52310
52311
52318
52322
52325
52328
52329
52330
52331
52342
52344
52346
52351
52352
52353
52354
52358
52359
52361
52365
52367
52372
52374
52379
52381
52383
52385
52386
52387
52391
52392
52394
52395
52397
52398
52400
52402
52408
52409
52410
52413
52416
52417
52419
52421
52424
52425
52429
52433
52437
52439
52440
52441
52443
52445
52446
52447
52448
52449
52452
52455
52459
52461
52465
52467
52468
52470
52473
52478
52479
52480
52481
52482
52485
52487
52489
52490
52493
52498
52500
52501
52503
52508
52509
52511
52513
52517
52518
52519
52524
52541
52543
52548
52551
52555
52556
52557
52561
52563
52566
52567
52570
52575
52579
52581
52582
52584
52588
52590
52592
52593
52602
52604
52606
52609
52610
52611
52612
52614
52621
52622
52624
52625
52628
52629
52635
52637
52645
52647
52651
52652
52655
52658
52659
52660
52663
52665
52669
52670
52673
52674
52675
52676
52677
52678
52682
52685
52686
52689
52695
52698
52699
52701
52703
52709
52710
52711
52713
52720
52722
52724
52727
52732
52736
52739
52740
52744
52746
52747
52749
52750
52755
52756
52757
52759
52760
52763
52766
52773
52775
52776
52780
52782
52783
52785
52786
52788
52789
52790
52795
52798
52802
52808
52809
52812
52815
52816
52820
52821
52824
52826
52827
52830
52831
52832
52833
52836
52837
52840
52843
52848
52850
52851
52852
52853
52854
52860
52862
52863
52864
52866
52867
52870
52876
52879
52886
52894
52895
52896
52898
52899
52900
52902
52903
52907
52912
52914
52916
52917
52920
52926
52927
52928
52940
52941
52943
52945
52946
52948
52957
52962
52963
52964
52965
52967
52968
52970
52972
52975
52976
52979
52983
52985
52990
52992
52993
52995
53000
53001
53002
53003
53005
53006
53007
53009
53012
53014
53016
53019
53020
53026
53027
53030
53036
53037
53038
53039
53041
53048
53050
53053
53057
53058
53064
53067
53069
53070
53071
53072
53074
53076
53081
53083
53085
53087
53088
53090
53092
53095
53096
53098
53100
53103
53105
53106
53107
53108
53109
53111
53113
53115
53118
53121
53122
53136
53137
53139
53140
53141
53147
53150
53155
53158
53161
53162
53171
53174
53175
53179
53180
53184
53185
53187
53188
53189
53192
53194
53198
53203
53204
53206
53207
53209
53218
53221
53226
53227
53228
53230
53231
53233
53235
53236
53238
53240
53243
53245
53247
53253
53254
53257
53258
53267
53270
53272
53274
53275
53276
53277
53278
53280
53282
53283
53286
53292
53295
53296
53297
53300
53301
53302
53304
53307
53310
53312
53313
53315
53317
53319
53322
53330
53336
53340
53343
53345
53347
53350
53354
53356
53359
53363
53364
53367
53378
53379
53381
53385
53400
53402
53404
53409
53418
53419
53423
53429
53437
53438
53442
53443
53444
53447
53449
53451
53452
53454
53456
53457
53461
53462
53463
53466
53469
53470
53472
53476
53478
53484
53485
53486
53488
53489
53492
53493
53494
53495
53497
53498
53499
53501
53504
53507
53511
53518
53519
53523
53525
53526
53528
53531
53534
53536
53539
53540
53541
53546
53547
53550
53560
53566
53567
53568
53570
53571
53572
53575
53577
53578
53579
53582
53584
53586
53589
53590
53595
53596
53601
53605
53610
53616
53624
53627
53632
53637
53646
53648
53650
53653
53655
53656
53661
53662
53666
53672
53673
53681
53682
53684
53685
53686
53687
53695
53697
53700
53702
53705
53706
53712
53715
53717
53718
53721
53723
53724
53725
53727
53729
53732
53738
53739
53744
53747
53751
53753
53754
53755
53760
53762
53764
53767
53768
53769
53770
53772
53774
53775
53776
53778
53781
53783
53785
53786
53787
53790
53791
53792
53795
53797
53798
53800
53802
53805
53806
53808
53811
53817
53820
53834
53835
53837
53838
53840
53843
53845
53847
53850
53855
53858
53862
53864
53866
53868
53871
53876
53877
53878
53880
53885
53889
53900
53902
53904
53905
53906
53907
53908
53912
53913
53914
53915
53916
53922
53924
53926
53938
53940
53942
53943
53945
53952
53953
53954
53962
53963
53964
53967
53968
53970
53971
53973
53976
53979
53981
53983
53984
53989
53993
53998
54003
54004
54005
54006
54008
54009
54013
54014
54015
54020
54022
54024
54026
54034
54035
54037
54040
54042
54043
54044
54045
54048
54051
54059
54060
54067
54074
54078
54080
54081
54084
54090
54094
54097
54098
54100
54102
54107
54108
54109
54115
54117
54119
54124
54125
54126
54129
54131
54133
54134
54136
54137
54141
54142
54147
54150
54152
54154
54163
54164
54165
54166
54172
54176
54183
54185
54188
54190
54199
54206
54207
54208
54209
54211
54214
54215
54216
54217
54219
54221
54222
54223
54225
54226
54230
54231
54232
54234
54235
54237
54238
54242
54243
54244
54247
54248
54249
54252
54254
54256
54258
54259
54262
54263
54264
54266
54270
54272
54276
54279
54284
54285
54286
54287
54288
54289
54292
54295
54299
54302
54309
54312
54314
54315
54319
54320
54321
54322
54323
54325
54326
54327
54331
54333
54334
54338
54339
54342
54344
54348
54351
54353
54354
54360
54361
54365
54367
54368
54369
54375
54376
54377
54380
54385
54389
54390
54391
54399
54406
54408
54409
54414
54416
54417
54420
54433
54434
54438
54445
54446
54447
54451
54455
54461
54462
54463
54465
54466
54469
54472
54476
54477
54488
54494
54498
54499
54502
54504
54510
54512
54513
54515
54517
54518
54520
54521
54526
54531
54534
54538
54541
54542
54550
54551
54552
54557
54558
54561
54571
54576
54578
54583
54585
54586
54589
54591
54593
54594
54595
54596
54599
54601
54602
54603
54604
54611
54612
54614
54619
54622
54623
54624
54625
54627
54628
54631
54634
54642
54648
54651
54653
54654
54656
54660
54664
54665
54668
54670
54671
54674
54678
54679
54682
54683
54684
54686
54688
54691
54697
54698
54702
54703
54704
54705
54707
54709
54712
54713
54714
54716
54717
54718
54722
54723
54730
54731
54732
54733
54734
54737
54738
54739
54741
54748
54750
54753
54754
54756
54758
54759
54761
54762
54763
54764
54766
54770
54774
54777
54778
54779
54782
54784
54788
54789
54794
54795
54798
54799
54800
54802
54810
54811
54813
54814
54820
54824
54826
54830
54832
54834
54843
54846
54848
54853
54855
54860
54861
54864
54865
54871
54872
54873
54876
54878
54879
54880
54882
54884
54886
54887
54889
54891
54892
54894
54896
54897
54900
54903
54906
54908
54912
54916
54917
54919
54920
54922
54925
54930
54931
54933
54935
54936
54939
54941
54942
54946
54947
54951
54954
54958
54961
54962
54965
54966
54967
54968
54975
54976
54983
54984
54985
54988
54991
54992
54993
54994
54997
55000
55007
55010
55012
55014
55016
55019
55020
55022
55024
55026
55027
55029
55030
55034
55037
55039
55042
55045
55047
55049
55060
55062
55064
55066
55067
55068
55070
55071
55073
55075
55076
55078
55081
55082
55084
55085
55087
55088
55089
55090
55094
55097
55098
55100
55110
55112
55115
55117
55122
55123
55126
55127
55131
55132
55138
55140
55146
55147
55149
55151
55152
55155
55160
55162
55163
55164
55168
55169
55171
55172
55173
55174
55176
55180
55185
55186
55188
55190
55196
55198
55201
55203
55205
55207
55208
55210
55211
55217
55218
55223
55224
55227
55232
55235
55238
55240
55245
55249
55252
55253
55254
55257
55258
55259
55260
55266
55271
55272
55275
55277
55279
55283
55284
55287
55294
55296
55299
55304
55305
55308
55311
55312
55313
55314
55316
55317
55318
55319
55320
55321
55327
55330
55331
55341
55344
55347
55348
55349
55350
55353
55354
55355
55357
55358
55361
55363
55365
55367
55368
55370
55372
55377
55378
55381
55384
55385
55386
55391
55394
55400
55402
55404
55411
55414
55417
55419
55420
55421
55422
55424
55425
55428
55429
55432
55434
55438
55442
55445
55447
55448
55452
55456
55464
55465
55472
55475
55477
55478
55479
55481
55482
55483
55484
55488
55490
55491
55492
55497
55499
55509
55510
55511
55512
55521
55534
55535
55536
55540
55541
55545
55546
55548
55552
55555
55557
55559
55560
55561
55562
55566
55570
55571
55574
55575
55577
55582
55588
55591
55592
55599
55600
55601
55602
55603
55606
55610
55615
55618
55619
55622
55624
55625
55632
55637
55639
55643
55645
55648
55649
55654
55656
55657
55662
55664
55665
55666
55667
55668
55670
55671
55672
55673
55676
55683
55687
55688
55690
55691
55698
55699
55700
55703
55704
55705
55708
55710
55711
55716
55717
55718
55721
55723
55724
55725
55727
55729
55730
55733
55734
55735
55736
55737
55739
55740
55743
55745
55746
55747
55748
55749
55750
55751
55761
55762
55763
55765
55767
55776
55778
55779
55780
55782
55784
55786
55789
55791
55792
55793
55796
55797
55798
55800
55803
55805
55807
55809
55810
55813
55826
55831
55833
55834
55838
55842
55844
55851
55853
55866
55867
55868
55871
55872
55877
55878
55879
55881
55885
55890
55891
55893
55897
55901
55903
55905
55911
55913
55918
55924
55927
55928
55930
55932
55933
55938
55940
55941
55942
55943
55945
55946
55950
55954
55956
55957
55958
55960
55963
55965
55968
55971
55974
55975
55976
55977
55979
55983
55985
55991
55993
55998
56000
56001
56004
56006
56011
56017
56018
56030
56035
56040
56044
56045
56046
56048
56051
56055
56056
56057
56060
56062
56063
56073
56075
56076
56081
56082
56084
56088
56091
56092
56093
56094
56095
56096
56097
56099
56102
56107
56111
56124
56127
56129
56132
56133
56139
56143
56146
56148
56149
56150
56154
56156
56157
56162
56163
56164
56166
56167
56169
56172
56174
56175
56176
56177
56178
56181
56182
56187
56193
56195
56197
56198
56200
56201
56207
56209
56216
56222
56229
56234
56235
56238
56239
56241
56245
56250
56251
56253
56254
56255
56257
56259
56260
56262
56264
56265
56268
56271
56273
56274
56275
56276
56277
56284
56285
56286
56289
56290
56296
56298
56299
56301
56303
56304
56307
56310
56312
56313
56314
56316
56319
56320
56322
56325
56332
56340
56342
56343
56348
56352
56354
56360
56363
56367
56370
56372
56378
56386
56387
56390
56393
56395
56398
56403
56404
56407
56411
56419
56421
56422
56425
56430
56434
56435
56437
56438
56441
56443
56445
56449
56450
56454
56456
56458
56460
56464
56465
56467
56468
56470
56473
56475
56476
56477
56485
56488
56490
56492
56496
56501
56502
56504
56506
56507
56513
56514
56519
56523
56526
56527
56533
56534
56535
56536
56540
56541
56543
56545
56546
56548
56551
56554
56556
56557
56562
56564
56566
56568
56569
56570
56574
56576
56578
56581
56586
56593
56595
56598
56602
56603
56604
56606
56617
56627
56628
56633
56634
56636
56637
56640
56641
56643
56647
56648
56656
56659
56668
56672
56675
56677
56679
56682
56685
56687
56688
56690
56691
56692
56695
56696
56698
56699
56701
56703
56704
56708
56710
56711
56712
56713
56715
56720
56724
56727
56728
56729
56730
56731
56732
56733
56736
56738
56742
56744
56750
56751
56754
56758
56763
56764
56767
56768
56772
56773
56775
56776
56779
56784
56785
56797
56799
56807
56812
56815
56816
56821
56826
56827
56830
56833
56838
56839
56845
56847
56848
56852
56855
56856
56859
56861
56862
56871
56874
56876
56877
56879
56885
56887
56890
56892
56893
56894
56896
56897
56899
56900
56902
56903
56911
56912
56913
56917
56921
56923
56924
56925
56928
56929
56932
56934
56937
56944
56945
56950
56958
56959
56960
56962
56966
56968
56973
56976
56978
56980
56985
56987
56991
56994
56995
56996
57006
57009
57013
57017
57020
57021
57026
57030
57032
57036
57037
57039
57040
57042
57043
57047
57050
57052
57053
57054
57055
57058
57060
57062
57064
57066
57069
57073
57074
57078
57080
57081
57085
57089
57091
57098
57099
57101
57104
57106
57107
57109
57114
57115
57118
57121
57124
57125
57128
57131
57135
57136
57138
57141
57142
57143
57144
57146
57147
57148
57149
57156
57157
57158
57170
57174
57176
57177
57179
57182
57184
57186
57187
57189
57190
57194
57198
57202
57212
57223
57224
57226
57230
57233
57235
57239
57244
57246
57247
57250
57259
57260
57271
57274
57277
57278
57280
57283
57284
57286
57287
57288
57289
57290
57291
57294
57298
57302
57306
57309
57313
57314
57317
57319
57324
57326
57330
57331
57334
57335
57345
57347
57348
57352
57358
57361
57363
57364
57365
57367
57369
57370
57372
57373
57374
57376
57378
57380
57382
57390
57391
57394
57400
57401
57402
57406
57407
57409
57411
57415
57419
57420
57421
57424
57426
57427
57431
57432
57435
57438
57439
57447
57448
57452
57457
57458
57459
57467
57477
57478
57480
57484
57485
57487
57489
57491
57496
57497
57498
57499
57500
57501
57503
57507
57510
57515
57518
57519
57521
57522
57524
57525
57529
57530
57537
57542
57548
57549
57551
57558
57563
57567
57571
57578
57579
57582
57583
57584
57585
57586
57587
57595
57597
57601
57602
57603
57604
57608
57611
57616
57618
57623
57624
57626
57627
57629
57634
57637
57638
57643
57646
57647
57648
57650
57651
57653
57655
57657
57659
57660
57661
57663
57664
57671
57675
57677
57678
57680
57684
57685
57686
57687
57691
57692
57694
57705
57706
57707
57709
57710
57713
57714
57715
57716
57725
57726
57728
57731
57732
57733
57734
57739
57741
57744
57749
57750
57755
57756
57759
57760
57762
57764
57765
57766
57768
57773
57775
57784
57787
57796
57799
57802
57803
57804
57805
57806
57809
57811
57822
57824
57825
57831
57834
57835
57841
57844
57846
57848
57857
57858
57859
57861
57862
57863
57864
57867
57870
57871
57873
57874
57876
57878
57879
57880
57881
57883
57885
57892
57894
57895
57896
57898
57899
57900
57901
57902
57903
57905
57906
57908
57912
57918
57922
57927
57928
57930
57932
57934
57935
57937
57938
57939
57940
57944
57945
57946
57947
57948
57952
57953
57955
57958
57959
57960
57961
57962
57963
57966
57970
57971
57973
57975
57977
57981
57982
57983
57985
57986
57987
57988
57989
57992
57994
57996
57998
57999
58001
58003
58004
58007
58008
58009
58011
58013
58022
58025
58027
58032
58037
58038
58039
58047
58048
58055
58059
58063
58064
58066
58068
58069
58070
58076
58078
58081
58085
58087
58091
58094
58097
58098
58100
58102
58108
58110
58114
58115
58116
58117
58118
58122
58125
58126
58129
58132
58133
58135
58139
58140
58141
58142
58143
58145
58155
58156
58159
58160
58163
58167
58169
58170
58171
58172
58175
58179
58184
58185
58186
58188
58190
58191
58192
58193
58194
58196
58197
58198
58199
58201
58203
58205
58206
58210
58216
58217
58219
58220
58221
58225
58228
58230
58232
58236
58239
58242
58243
58244
58246
58252
58253
58256
58264
58266
58268
58270
58271
58272
58274
58275
58277
58279
58281
58282
58288
58292
58293
58295
58299
58302
58304
58307
58310
58312
58313
58320
58321
58323
58328
58330
58333
58341
58342
58343
58344
58345
58349
58351
58352
58356
58359
58360
58363
58367
58370
58371
58373
58374
58377
58382
58391
58392
58397
58398
58399
58400
58407
58408
58415
58418
58424
58428
58430
58431
58432
58434
58435
58441
58442
58443
58444
58445
58446
58447
58448
58453
58455
58457
58458
58459
58460
58469
58471
58480
58482
58484
58486
58488
58490
58492
58495
58497
58498
58507
58508
58509
58510
58511
58515
58516
58518
58523
58524
58525
58526
58532
58536
58540
58541
58543
58550
58552
58553
58554
58555
58556
58560
58562
58565
58567
58572
58576
58578
58581
58582
58585
58586
58588
58590
58591
58596
58597
58602
58603
58605
58607
58609
58611
58613
58614
58617
58630
58631
58632
58635
58638
58639
58640
58641
58643
58644
58646
58648
58652
58653
58654
58655
58656
58659
58660
58662
58664
58665
58666
58668
58672
58673
58674
58676
58678
58679
58680
58681
58684
58686
58687
58689
58691
58696
58704
58705
58706
58708
58709
58710
58712
58715
58718
58720
58721
58723
58728
58732
58733
58738
58739
58740
58743
58744
58745
58746
58756
58760
58762
58763
58765
58772
58773
58774
58776
58781
58784
58788
58791
58793
58794
58796
58801
58802
58803
58804
58809
58811
58814
58815
58818
58825
58828
58832
58836
58837
58839
58844
58846
58848
58849
58851
58854
58858
58859
58864
58865
58866
58870
58871
58872
58875
58877
58879
58880
58881
58884
58885
58886
58889
58893
58896
58897
58904
58905
58906
58911
58923
58925
58928
58930
58934
58940
58944
58946
58948
58955
58957
58958
58959
58961
58963
58967
58972
58980
58981
58983
58985
58986
58988
58996
58999
59010
59015
59017
59023
59024
59026
59028
59029
59031
59033
59035
59036
59037
59039
59040
59041
59042
59050
59051
59053
59054
59056
59062
59065
59068
59073
59075
59076
59085
59087
59088
59090
59092
59093
59096
59097
59098
59100
59101
59102
59103
59105
59112
59114
59118
59119
59120
59121
59126
59128
59130
59132
59133
59136
59137
59140
59141
59142
59144
59147
59149
59153
59154
59157
59168
59174
59179
59185
59187
59190
59191
59196
59197
59199
59207
59209
59210
59215
59216
59217
59218
59224
59225
59227
59230
59231
59237
59241
59242
59249
59250
59254
59255
59257
59260
59261
59262
59266
59268
59271
59275
59280
59282
59285
59288
59290
59291
59294
59295
59296
59298
59299
59302
59309
59310
59311
59313
59314
59315
59317
59319
59321
59323
59324
59330
59331
59334
59338
59339
59343
59344
59347
59348
59352
59358
59359
59360
59361
59367
59372
59373
59375
59376
59378
59379
59381
59384
59385
59388
59390
59391
59392
59393
59394
59399
59400
59401
59402
59405
59407
59410
59411
59424
59429
59431
59433
59434
59438
59441
59443
59446
59447
59448
59450
59452
59453
59462
59465
59467
59469
59474
59476
59478
59486
59488
59489
59490
59493
59494
59498
59499
59503
59504
59505
59508
59510
59511
59513
59515
59517
59518
59521
59523
59526
59533
59535
59537
59540
59542
59543
59544
59545
59546
59550
59552
59554
59559
59560
59562
59563
59576
59581
59582
59584
59589
59591
59592
59600
59601
59607
59609
59610
59613
59614
59615
59616
59617
59618
59621
59624
59626
59629
59631
59634
59635
59637
59639
59643
59645
59648
59650
59654
59656
59657
59661
59663
59666
59668
59670
59676
59678
59682
59683
59684
59692
59700
59704
59710
59711
59712
59714
59719
59724
59725
59728
59729
59731
59732
59733
59735
59736
59737
59739
59740
59742
59745
59750
59752
59753
59756
59760
59761
59768
59771
59775
59778
59780
59789
59797
59799
59800
59803
59805
59806
59808
59809
59812
59813
59815
59818
59820
59823
59826
59827
59831
59833
59835
59836
59837
59839
59840
59842
59845
59846
59848
59849
59851
59854
59855
59867
59868
59871
59875
59876
59879
59883
59886
59887
59890
59891
59892
59894
59895
59900
59903
59911
59914
59917
59918
59923
59924
59927
59928
59929
59930
59932
59933
59934
59935
59936
59939
59940
59941
59942
59943
59945
59948
59949
59950
59951
59965
59976
59978
59980
59982
59983
59987
59993
59994
59995
59997
59998
60001
60004
60005
60006
60011
60013
60014
60018
60019
60024
60029
60031
60039
60041
60042
60044
60045
60049
60051
60052
60065
60066
60067
60068
60069
60071
60073
60076
60078
60081
60083
60084
60086
60089
60090
60092
60097
60098
60103
60104
60109
60110
60112
60118
60120
60128
60129
60131
60134
60135
60136
60137
60138
60139
60140
60141
60146
60151
60152
60157
60158
60161
60163
60165
60166
60170
60172
60173
60175
60184
60188
60190
60196
60199
60200
60204
60210
60211
60212
60213
60216
60217
60218
60222
60223
60224
60227
60228
60238
60240
60242
60245
60250
60257
60260
60261
60263
60269
60271
60277
60279
60286
60289
60290
60292
60298
60299
60300
60305
60314
60318
60320
60321
60322
60333
60335
60345
60347
60351
60352
60353
60356
60358
60361
60362
60364
60366
60368
60369
60372
60376
60377
60379
60384
60385
60387
60389
60390
60391
60393
60394
60400
60404
60408
60409
60414
60417
60418
60422
60424
60427
60428
60430
60431
60434
60440
60442
60444
60445
60447
60450
60453
60457
60458
60461
60466
60467
60468
60471
60472
60473
60476
60477
60478
60479
60480
60482
60487
60488
60495
60500
60501
60504
60507
60509
60512
60515
60521
60523
60526
60529
60533
60534
60540
60542
60544
60545
60546
60552
60559
60566
60568
60569
60574
60575
60577
60585
60587
60591
60593
60595
60598
60601
60607
60610
60614
60622
60628
60634
60635
60637
60640
60641
60643
60644
60645
60648
60651
60661
60663
60666
60670
60671
60677
60680
60683
60685
60688
60689
60692
60693
60694
60696
60697
60698
60699
60700
60703
60705
60707
60714
60717
60719
60720
60722
60726
60729
60733
60735
60736
60739
60742
60746
60750
60755
60757
60759
60764
60766
60768
60771
60772
60774
60780
60783
60784
60785
60786
60789
60793
60797
60800
60805
60806
60807
60812
60814
60816
60819
60820
60821
60822
60823
60826
60828
60833
60838
60839
60840
60842
60845
60847
60848
60850
60868
60870
60875
60879
60880
60882
60883
60885
60889
60892
60894
60895
60898
60905
60908
60912
60915
60922
60924
60930
60932
60933
60935
60936
60938
60940
60943
60945
60948
60956
60958
60961
60963
60966
60967
60971
60972
60973
60975
60979
60980
60991
60993
60994
60999
61000
61002
61004
61005
61007
61008
61010
61012
61013
61019
61021
61027
61028
61029
61030
61031
61032
61038
61039
61040
61049
61050
61051
61060
61065
61069
61075
61086
61093
61098
61101
61103
61104
61105
61106
61110
61112
61113
61122
61126
61133
61135
61137
61138
61139
61141
61144
61146
61147
61148
61150
61151
61152
61153
61155
61158
61161
61163
61165
61166
61169
61176
61191
61197
61198
61199
61203
61213
61217
61218
61224
61226
61227
61228
61230
61235
61236
61237
61239
61240
61241
61245
61247
61248
61249
61253
61254
61259
61260
61265
61275
61276
61280
61284
61286
61287
61288
61292
61295
61296
61297
61299
61300
61302
61306
61307
61312
61315
61319
61323
61326
61327
61329
61330
61333
61341
61345
61346
61353
61355
61357
61359
61360
61361
61364
61366
61368
61369
61374
61380
61382
61385
61386
61389
61390
61393
61394
61396
61399
61400
61403
61405
61413
61415
61416
61420
61426
61429
61430
61432
61434
61440
61444
61446
61447
61449
61454
61457
61461
61463
61466
61468
61476
61477
61481
61482
61488
61489
61492
61498
61499
61500
61502
61503
61505
61507
61516
61518
61520
61521
61522
61523
61525
61529
61530
61533
61534
61535
61536
61538
61539
61540
61541
61544
61545
61546
61551
61552
61553
61554
61555
61557
61563
61565
61569
61574
61577
61584
61587
61590
61593
61598
61601
61602
61603
61607
61608
61610
61611
61612
61614
61620
61621
61622
61624
61629
61630
61631
61633
61634
61636
61641
61642
61645
61646
61648
61649
61651
61652
61653
61654
61658
61659
61661
61662
61663
61665
61667
61668
61672
61674
61675
61677
61681
61687
61692
61694
61696
61698
61700
61711
61717
61720
61722
61725
61726
61731
61733
61737
61739
61742
61746
61747
61752
61754
61765
61774
61776
61778
61779
61785
61786
61788
61789
61790
61791
61798
61800
61801
61804
61806
61807
61810
61811
61815
61819
61822
61823
61827
61830
61831
61833
61838
61842
61845
61847
61850
61859
61860
61863
61866
61869
61871
61873
61877
61878
61880
61883
61884
61887
61888
61892
61896
61897
61901
61902
61905
61908
61909
61910
61911
61912
61914
61915
61918
61919
61920
61923
61924
61931
61932
61933
61934
61937
61942
61944
61947
61948
61951
61954
61955
61963
61965
61969
61972
61974
61975
61978
61979
61982
61983
61984
61985
61990
61992
61995
62001
62004
62005
62009
62010
62013
62014
62019
62021
62025
62027
62028
62031
62032
62033
62034
62035
62036
62039
62040
62041
62047
62049
62052
62056
62057
62060
62061
62062
62064
62069
62071
62076
62082
62083
62084
62085
62086
62088
62093
62104
62105
62108
62110
62112
62113
62114
62117
62120
62121
62122
62124
62125
62126
62132
62135
62136
62139
62140
62142
62143
62144
62152
62154
62155
62165
62166
62167
62168
62169
62170
62171
62172
62174
62177
62178
62179
62180
62183
62189
62191
62192
62193
62194
62197
62206
62213
62228
62229
62230
62231
62234
62235
62236
62237
62239
62240
62241
62244
62246
62254
62258
62259
62260
62261
62266
62267
62269
62273
62274
62275
62278
62279
62281
62287
62293
62294
62296
62297
62298
62300
62301
62302
62305
62307
62308
62309
62311
62314
62317
62318
62319
62325
62326
62328
62334
62336
62342
62343
62351
62354
62355
62358
62362
62363
62365
62368
62374
62375
62376
62377
62378
62388
62391
62392
62400
62401
62403
62405
62406
62408
62409
62411
62413
62416
62421
62424
62429
62431
62434
62437
62442
62443
62445
62446
62449
62450
62452
62455
62457
62458
62460
62462
62463
62466
62467
62475
62476
62479
62480
62481
62484
62485
62488
62490
62495
62496
62502
62504
62507
62512
62514
62516
62518
62520
62523
62524
62525
62526
62527
62529
62530
62531
62532
62536
62545
62546
62550
62560
62567
62572
62573
62574
62576
62577
62583
62584
62586
62587
62588
62589
62592
62597
62600
62607
62611
62614
62621
62622
62623
62624
62625
62629
62631
62634
62636
62637
62638
62641
62643
62645
62649
62653
62657
62662
62665
62670
62676
62677
62679
62680
62690
62691
62697
62699
62700
62704
62706
62708
62712
62715
62718
62721
62722
62729
62735
62736
62741
62743
62745
62747
62748
62751
62753
62754
62761
62763
62765
62768
62769
62774
62781
62782
62783
62786
62787
62788
62790
62792
62795
62796
62797
62798
62801
62805
62807
62808
62810
62813
62816
62817
62824
62828
62830
62831
62833
62834
62839
62848
62850
62851
62855
62856
62857
62859
62861
62862
62870
62878
62883
62885
62886
62887
62889
62893
62896
62898
62900
62903
62904
62905
62907
62908
62909
62910
62911
62922
62923
62924
62927
62929
62930
62933
62934
62937
62938
62940
62943
62944
62946
62948
62949
62951
62953
62955
62962
62964
62966
62969
62970
62974
62975
62978
62981
62984
62987
62993
62996
62997
62998
63000
63001
63003
63004
63007
63010
63011
63016
63019
63029
63030
63040
63044
63047
63049
63055
63057
63061
63062
63064
63065
63070
63072
63074
63080
63082
63083
63087
63088
63090
63096
63097
63098
63101
63102
63105
63108
63109
63110
63112
63113
63118
63119
63121
63123
63131
63132
63135
63137
63140
63142
63143
63144
63157
63160
63162
63164
63166
63171
63174
63179
63182
63184
63188
63192
63195
63197
63200
63201
63203
63205
63208
63212
63215
63218
63219
63221
63222
63224
63226
63227
63234
63235
63241
63242
63247
63248
63254
63256
63258
63260
63261
63262
63266
63270
63274
63276
63282
63283
63284
63285
63290
63291
63292
63294
63296
63298
63305
63308
63309
63310
63317
63318
63324
63327
63328
63331
63332
63337
63340
63341
63348
63350
63352
63353
63356
63358
63360
63366
63369
63371
63376
63378
63379
63381
63383
63385
63386
63387
63389
63390
63393
63399
63402
63409
63410
63412
63413
63414
63415
63417
63418
63419
63421
63422
63424
63425
63426
63429
63430
63432
63433
63444
63446
63449
63452
63456
63457
63460
63467
63471
63472
63475
63479
63481
63483
63486
63487
63490
63494
63501
63503
63504
63506
63509
63511
63512
63519
63520
63522
63523
63525
63528
63531
63532
63535
63536
63542
63544
63547
63549
63550
63557
63560
63562
63563
63565
63566
63567
63570
63574
63575
63581
63582
63585
63587
63592
63595
63600
63601
63604
63613
63618
63620
63622
63626
63628
63632
63633
63634
63638
63639
63641
63645
63646
63647
63656
63658
63659
63664
63666
63667
63671
63674
63679
63680
63682
63686
63693
63700
63703
63704
63705
63707
63709
63710
63712
63713
63716
63717
63720
63721
63723
63724
63725
63726
63727
63730
63733
63737
63740
63743
63744
63746
63757
63762
63767
63773
63774
63778
63779
63785
63786
63790
63796
63798
63799
63802
63805
63808
63809
63812
63815
63816
63818
63819
63821
63826
63831
63833
63834
63836
63839
63840
63842
63845
63847
63849
63853
63854
63856
63858
63862
63865
63881
63885
63887
63889
63897
63899
63900
63901
63903
63910
63913
63915
63918
63921
63926
63931
63933
63938
63942
63945
63947
63949
63953
63956
63957
63965
63966
63970
63973
63975
63976
63978
63980
63982
63986
63987
63991
63993
63995
63999
64001
64003
64008
64009
64018
64021
64023
64026
64034
64035
64037
64039
64041
64042
64051
64054
64055
64057
64069
64070
64072
64076
64077
64080
64083
64085
64092
64094
64095
64100
64103
64104
64106
64109
64112
64113
64115
64117
64120
64121
64123
64125
64126
64128
64131
64134
64136
64140
64141
64143
64144
64151
64153
64154
64159
64161
64162
64163
64167
64171
64175
64178
64180
64182
64185
64186
64188
64189
64190
64191
64193
64195
64198
64200
64202
64204
64205
64206
64210
64213
64216
64228
64229
64233
64234
64239
64241
64242
64243
64244
64247
64249
64252
64254
64255
64258
64262
64263
64264
64266
64267
64268
64271
64274
64281
64282
64283
64284
64285
64287
64289
64290
64291
64293
64294
64295
64301
64302
64303
64304
64306
64307
64309
64311
64316
64320
64324
64325
64327
64328
64329
64330
64334
64336
64340
64341
64343
64346
64347
64348
64350
64358
64359
64360
64366
64369
64373
64380
64383
64386
64387
64388
64389
64390
64391
64396
64398
64401
64404
64405
64408
64410
64412
64413
64415
64416
64430
64431
64436
64437
64440
64442
64444
64448
64450
64452
64453
64455
64459
64462
64463
64467
64469
64472
64474
64475
64481
64487
64490
64493
64494
64495
64499
64506
64509
64512
64516
64517
64524
64531
64532
64533
64546
64548
64549
64550
64552
64559
64562
64565
64568
64570
64574
64579
64583
64584
64588
64590
64592
64594
64596
64599
64603
64605
64607
64608
64610
64612
64616
64617
64618
64620
64621
64627
64628
64632
64637
64644
64645
64648
64650
64651
64662
64666
64667
64669
64671
64672
64676
64677
64678
64683
64687
64688
64689
64699
64701
64702
64706
64708
64709
64713
64714
64715
64725
64735
64736
64738
64739
64744
64746
64747
64749
64750
64751
64755
64757
64760
64761
64764
64768
64770
64774
64776
64777
64779
64782
64787
64790
64792
64797
64798
64800
64805
64811
64814
64817
64819
64821
64823
64825
64829
64831
64832
64833
64834
64839
64842
64843
64844
64845
64847
64852
64855
64856
64861
64864
64869
64873
64875
64879
64880
64881
64885
64887
64888
64892
64897
64899
64901
64902
64908
64911
64914
64915
64916
64917
64922
64923
64926
64929
64932
64933
64937
64939
64940
64941
64942
64950
64954
64955
64956
64960
64961
64962
64963
64966
64969
64973
64974
64978
64979
64984
64985
64989
64993
64994
64997
64998
65002
65003
65004
65007
65016
65019
65020
65022
65023
65028
65031
65035
65038
65040
65041
65043
65048
65051
65055
65060
65065
65068
65069
65071
65077
65083
65084
65088
65090
65093
65094
65098
65105
65106
65110
65119
65120
65121
65126
65127
65128
65129
65130
65132
65134
65135
65137
65138
65141
65144
65147
65152
65154
65157
65161
65162
65165
65166
65169
65173
65174
65175
65178
65179
65180
65181
65186
65187
65189
65190
65191
65195
65196
65199
65202
65205
65207
65209
65210
65212
65213
65214
65219
65220
65222
65223
65225
65230
65232
65238
65239
65244
65246
65248
65256
65259
65262
65263
65264
65266
65267
65269
65274
65275
65277
65280
65283
65285
65289
65290
65293
65294
65297
65304
65309
65310
65311
65313
65316
65321
65324
65325
65326
65327
65332
65334
65336
65339
65340
65343
65345
65346
65349
65350
65352
65353
65354
65357
65359
65362
65365
65369
65372
65374
65377
65378
65381
65383
65386
65387
65388
65392
65394
65397
65400
65405
65406
65408
65415
65418
65420
65427
65428
65434
65435
65438
65440
65441
65442
65444
65451
65461
65462
65463
65468
65474
65479
65481
65482
65484
65485
65487
65490
65493
65496
65497
65499
65500
65501
65512
65521
65526
65530
65531
65534
65535
65538
65542
65548
65549
65552
65557
65560
65562
65566
65567
65573
65574
65575
65581
65584
65586
65588
65591
65594
65599
65601
65602
65606
65607
65608
65609
65611
65612
65615
65616
65620
65622
65626
65633
65634
65635
65636
65638
65639
65641
65644
65651
65653
65655
65656
65657
65660
65662
65663
65669
65672
65675
65680
65688
65689
65690
65691
65692
65693
65694
65695
65699
65700
65703
65704
65707
65712
65713
65714
65715
65718
65720
65722
65724
65726
65728
65729
65730
65732
65733
65734
65735
65738
65743
65747
65752
65754
65755
65756
65757
65758
65759
65764
65765
65767
65770
65771
65774
65775
65778
65779
65780
65782
65785
65786
65788
65789
65790
65793
65800
65804
65809
65813
65814
65815
65818
65819
65824
65825
65826
65827
65829
65834
65835
65837
65838
65841
65842
65844
65851
65853
65856
65857
65858
65860
65870
65873
65874
65875
65876
65883
65885
65887
65892
65896
65903
65906
65912
65916
65920
65921
65922
65924
65926
65927
65928
65933
65937
65938
65944
65945
65948
65949
65950
65955
65956
65966
65967
65968
65970
65974
65979
65981
65982
65983
65984
65986
65987
65991
65994
65998
65999
66002
66006
66008
66009
66012
66015
66016
66022
66024
66025
66026
66027
66029
66031
66035
66044
66047
66049
66055
66059
66060
66063
66064
66065
66067
66073
66075
66078
66080
66081
66085
66094
66095
66098
66100
66103
66107
66109
66110
66115
66117
66124
66127
66128
66129
66131
66132
66133
66135
66141
66143
66144
66146
66148
66150
66152
66153
66155
66157
66158
66159
66160
66161
66163
66164
66171
66172
66175
66177
66178
66187
66188
66193
66198
66200
66207
66209
66210
66212
66213
66218
66219
66220
66224
66232
66233
66234
66238
66243
66245
66248
66251
66252
66254
66255
66256
66271
66275
66276
66278
66281
66283
66286
66303
66307
66308
66310
66311
66319
66320
66321
66324
66326
66333
66334
66335
66338
66341
66342
66344
66345
66347
66351
66352
66354
66356
66357
66360
66361
66364
66370
66371
66388
66397
66400
66401
66406
66407
66408
66412
66413
66414
66418
66420
66429
66431
66433
66434
66438
66439
66441
66443
66445
66446
66448
66452
66457
66463
66465
66467
66473
66476
66479
66482
66483
66484
66485
66487
66489
66490
66491
66495
66496
66497
66499
66501
66503
66505
66509
66511
66515
66516
66519
66530
66532
66540
66544
66549
66551
66552
66553
66557
66563
66564
66565
66566
66568
66570
66571
66577
66578
66581
66582
66590
66593
66594
66595
66597
66604
66609
66612
66613
66616
66617
66620
66631
66633
66634
66635
66640
66641
66642
66643
66650
66651
66655
66662
66664
66665
66672
66675
66677
66678
66679
66682
66686
66693
66695
66697
66702
66703
66710
66711
66714
66715
66716
66721
66722
66724
66725
66726
66728
66730
66740
66742
66743
66745
66746
66749
66750
66753
66754
66761
66764
66765
66767
66768
66769
66773
66780
66781
66782
66785
66791
66793
66795
66799
66800
66803
66809
66810
66814
66828
66830
66832
66833
66834
66836
66841
66842
66843
66844
66849
66852
66856
66858
66860
66861
66863
66869
66872
66873
66874
66875
66880
66881
66886
66887
66889
66894
66895
66897
66900
66901
66902
66904
66905
66906
66909
66910
66922
66924
66925
66931
66932
66933
66935
66938
66939
66944
66950
66952
66953
66956
66957
66960
66961
66962
66963
66965
66968
66977
66979
66980
66983
66984
66985
66986
66988
66990
66992
66995
67003
67010
67011
67019
67020
67025
67030
67031
67034
67035
67041
67043
67046
67047
67049
67052
67054
67055
67056
67057
67058
67060
67063
67064
67067
67074
67076
67078
67079
67080
67084
67085
67091
67092
67093
67094
67097
67102
67106
67108
67109
67116
67118
67124
67125
67128
67130
67132
67134
67137
67138
67139
67140
67142
67144
67145
67152
67154
67157
67163
67170
67171
67172
67173
67175
67176
67177
67178
67180
67181
67183
67186
67194
67195
67196
67197
67203
67205
67206
67207
67210
67211
67214
67216
67217
67219
67220
67226
67228
67229
67232
67234
67235
67236
67244
67247
67248
67251
67259
67263
67264
67266
67267
67274
67277
67278
67283
67288
67292
67295
67299
67300
67301
67302
67304
67308
67309
67312
67313
67318
67319
67324
67330
67336
67337
67339
67344
67347
67350
67356
67358
67366
67368
67369
67370
67375
67379
67383
67385
67386
67390
67394
67401
67402
67409
67411
67412
67423
67424
67426
67430
67435
67438
67440
67441
67442
67443
67444
67450
67453
67459
67465
67469
67473
67474
67475
67476
67481
67485
67487
67488
67489
67490
67495
67501
67505
67509
67512
67515
67518
67519
67520
67523
67525
67527
67528
67531
67542
67546
67548
67550
67551
67552
67553
67558
67559
67561
67565
67566
67570
67574
67579
67580
67581
67582
67586
67587
67594
67598
67599
67602
67604
67606
67612
67614
67615
67622
67623
67628
67634
67637
67638
67640
67642
67645
67647
67648
67652
67657
67664
67665
67666
67667
67668
67669
67671
67673
67675
67678
67683
67684
67686
67688
67689
67690
67691
67693
67694
67695
67697
67700
67704
67708
67709
67714
67716
67717
67718
67720
67721
67722
67723
67726
67731
67733
67737
67738
67740
67742
67743
67746
67748
67750
67755
67758
67759
67763
67765
67769
67770
67771
67773
67774
67780
67781
67782
67784
67786
67789
67793
67796
67803
67814
67815
67817
67818
67826
67827
67830
67831
67832
67835
67836
67841
67843
67844
67847
67851
67855
67858
67860
67864
67865
67866
67875
67880
67884
67886
67894
67895
67897
67900
67907
67909
67911
67912
67916
67920
67922
67924
67926
67927
67934
67935
67937
67939
67940
67941
67942
67943
67944
67948
67953
67955
67964
67966
67970
67973
67974
67981
67982
67983
67984
67990
67993
67997
68001
68002
68007
68008
68009
68011
68012
68019
68021
68022
68026
68027
68028
68030
68032
68042
68044
68045
68049
68051
68057
68059
68060
68061
68063
68065
68072
68073
68079
68080
68085
68086
68088
68092
68097
68099
68103
68112
68115
68117
68120
68124
68125
68131
68135
68137
68139
68142
68145
68146
68148
68154
68159
68163
68166
68168
68170
68171
68174
68175
68184
68186
68187
68188
68191
68194
68196
68202
68207
68208
68211
68213
68214
68215
68219
68220
68224
68227
68229
68233
68234
68235
68238
68239
68241
68244
68245
68247
68248
68250
68255
68261
68266
68268
68272
68274
68279
68281
68284
68286
68288
68289
68290
68302
68304
68306
68309
68310
68311
68314
68315
68316
68318
68320
68322
68326
68328
68329
68331
68334
68336
68338
68342
68343
68347
68355
68356
68359
68360
68362
68366
68367
68371
68372
68373
68375
68377
68385
68386
68387
68388
68392
68393
68397
68405
68412
68413
68414
68417
68420
68421
68422
68423
68424
68431
68437
68439
68443
68447
68453
68455
68456
68461
68462
68465
68466
68467
68471
68472
68476
68480
68481
68484
68488
68490
68491
68496
68497
68498
68499
68500
68507
68510
68516
68517
68518
68520
68522
68524
68526
68529
68530
68532
68535
68537
68539
68541
68542
68544
68554
68560
68561
68563
68570
68578
68579
68581
68583
68585
68587
68588
68595
68601
68605
68607
68611
68613
68614
68619
68625
68626
68628
68634
68635
68640
68642
68643
68645
68646
68648
68658
68664
68666
68667
68671
68672
68674
68675
68676
68680
68690
68694
68697
68701
68704
68705
68708
68711
68714
68716
68719
68721
68723
68726
68730
68732
68737
68738
68740
68741
68744
68747
68752
68761
68763
68766
68770
68771
68776
68783
68784
68791
68792
68796
68802
68808
68812
68815
68816
68818
68827
68833
68835
68836
68841
68843
68846
68849
68850
68853
68855
68858
68859
68860
68863
68865
68866
68870
68872
68879
68880
68882
68886
68889
68890
68892
68895
68896
68897
68902
68905
68907
68912
68915
68917
68924
68929
68934
68935
68938
68939
68941
68943
68951
68952
68955
68957
68959
68961
68967
68968
68973
68974
68975
68978
68980
68982
68984
68990
68991
68992
68994
68995
68999
69000
69010
69011
69013
69016
69017
69018
69021
69022
69023
69024
69026
69030
69031
69034
69036
69040
69041
69049
69051
69052
69053
69058
69061
69062
69064
69065
69067
69069
69070
69072
69086
69089
69090
69097
69098
69100
69101
69102
69104
69105
69106
69107
69108
69112
69113
69115
69125
69128
69129
69130
69135
69138
69140
69142
69143
69144
69152
69158
69159
69162
69163
69164
69169
69171
69176
69177
69179
69181
69182
69183
69184
69186
69188
69190
69195
69200
69203
69204
69206
69208
69219
69223
69224
69231
69233
69234
69235
69242
69244
69248
69250
69252
69253
69266
69269
69271
69273
69274
69275
69276
69278
69281
69289
69292
69295
69296
69297
69299
69301
69307
69311
69319
69321
69322
69328
69330
69332
69342
69345
69346
69349
69351
69360
69363
69364
69367
69369
69370
69374
69376
69377
69379
69381
69386
69389
69390
69391
69392
69402
69404
69405
69410
69413
69414
69417
69425
69428
69432
69433
69434
69435
69442
69449
69451
69452
69453
69454
69456
69460
69463
69464
69467
69468
69469
69473
69477
69479
69482
69483
69484
69488
69489
69493
69494
69498
69502
69504
69505
69506
69514
69516
69521
69522
69523
69528
69529
69532
69534
69535
69536
69538
69539
69541
69542
69543
69545
69547
69549
69552
69554
69569
69572
69581
69586
69588
69590
69591
69593
69595
69598
69603
69604
69605
69609
69612
69613
69614
69620
69621
69627
69628
69629
69635
69637
69638
69639
69641
69644
69650
69651
69657
69659
69662
69663
69665
69666
69668
69669
69673
69675
69679
69682
69683
69689
69699
69701
69704
69705
69707
69708
69711
69714
69716
69719
69721
69723
69724
69727
69735
69737
69738
69739
69741
69743
69745
69748
69749
69754
69755
69757
69759
69762
69764
69767
69769
69773
69776
69777
69779
69780
69781
69782
69787
69793
69794
69797
69798
69799
69804
69813
69814
69821
69822
69827
69830
69834
69835
69838
69840
69848
69849
69853
69855
69857
69859
69862
69864
69867
69868
69869
69875
69879
69880
69883
69885
69886
69888
69892
69905
69909
69914
69916
69921
69924
69927
69930
69934
69942
69944
69951
69952
69953
69961
69963
69969
69970
69975
69976
69978
69979
69986
69987
69989
69990
69992
69996
69998
70003
70006
70014
70015
70018
70020
70025
70028
70038
70042
70044
70049
70057
70060
70062
70065
70071
70072
70073
70077
70078
70083
70090
70094
70095
70096
70107
70109
70118
70120
70126
70127
70128
70130
70131
70133
70134
70135
70142
70147
70156
70158
70168
70169
70173
70175
70178
70180
70184
70188
70194
70196
70198
70199
70202
70207
70208
70209
70211
70215
70216
70217
70218
70225
70226
70227
70229
70231
70232
70233
70235
70236
70237
70239
70242
70245
70248
70250
70252
70253
70255
70256
70261
70263
70264
70269
70270
70272
70276
70280
70283
70290
70295
70296
70297
70298
70299
70306
70307
70313
70315
70323
70324
70325
70327
70329
70332
70336
70337
70338
70348
70355
70358
70359
70360
70363
70364
70368
70370
70371
70374
70376
70382
70386
70387
70390
70392
70394
70398
70399
70400
70402
70403
70404
70409
70413
70415
70417
70420
70421
70422
70423
70426
70435
70436
70437
70438
70439
70444
70446
70447
70449
70450
70451
70453
70454
70457
70463
70466
70469
70470
70471
70474
70476
70481
70484
70487
70491
70492
70493
70497
70504
70507
70508
70510
70514
70523
70524
70526
70527
70528
70529
70531
70535
70538
70540
70541
70543
70545
70548
70549
70550
70552
70556
70561
70566
70568
70570
70571
70572
70573
70575
70576
70577
70580
70588
70591
70592
70595
70598
70599
70605
70607
70608
70609
70614
70618
70623
70626
70628
70629
70630
70634
70644
70645
70648
70653
70655
70661
70664
70665
70668
70672
70676
70678
70683
70687
70691
70696
70699
70700
70702
70704
70706
70713
70721
70722
70723
70724
70725
70726
70728
70729
70731
70732
70735
70740
70743
70744
70747
70753
70754
70755
70757
70760
70762
70763
70764
70765
70771
70774
70788
70798
70800
70808
70810
70811
70813
70819
70822
70824
70827
70828
70830
70834
70837
70839
70840
70845
70848
70850
70851
70853
70854
70855
70857
70859
70862
70863
70865
70868
70872
70876
70877
70880
70882
70884
70887
70891
70892
70896
70897
70902
70903
70904
70905
70910
70912
70914
70915
70916
70920
70922
70923
70924
70931
70936
70937
70939
70941
70942
70946
70951
70955
70966
70967
70969
70971
70973
70976
70979
70984
70990
70992
70996
70997
70998
71001
71005
71006
71007
71009
71010
71011
71014
71016
71017
71027
71028
71033
71034
71036
71037
71041
71044
71046
71047
71048
71049
71055
71056
71057
71058
71060
71064
71069
71070
71072
71073
71076
71077
71078
71079
71082
71087
71088
71089
71094
71095
71096
71102
71103
71105
71108
71111
71116
71119
71121
71122
71123
71128
71129
71135
71136
71137
71138
71143
71146
71151
71154
71157
71160
71163
71166
71167
71171
71172
71173
71174
71176
71179
71183
71190
71192
71193
71203
71204
71205
71206
71207
71209
71211
71214
71222
71223
71227
71235
71239
71241
71253
71254
71255
71256
71259
71265
71266
71268
71269
71273
71275
71276
71277
71279
71282
71286
71287
71291
71301
71306
71313
71314
71317
71318
71319
71320
71324
71326
71329
71332
71335
71340
71343
71346
71348
71351
71357
71361
71364
71365
71366
71367
71369
71370
71371
71372
71373
71374
71377
71378
71384
71387
71389
71390
71392
71394
71395
71402
71403
71405
71411
71417
71419
71420
71421
71425
71426
71428
71431
71435
71436
71437
71439
71441
71442
71443
71444
71455
71456
71458
71464
71465
71470
71477
71478
71479
71480
71481
71483
71486
71488
71489
71495
71499
71500
71506
71507
71518
71519
71521
71523
71524
71525
71530
71531
71538
71540
71541
71542
71545
71546
71547
71549
71552
71554
71565
71568
71576
71580
71584
71586
71587
71590
71592
71594
71599
71600
71602
71603
71604
71605
71613
71614
71616
71618
71622
71624
71626
71627
71629
71630
71631
71632
71641
71645
71647
71649
71651
71654
71656
71660
71662
71664
71665
71666
71669
71670
71674
71677
71680
71681
71684
71685
71688
71689
71691
71696
71698
71702
71703
71704
71706
71709
71710
71727
71728
71733
71734
71735
71737
71739
71740
71743
71744
71746
71750
71751
71759
71763
71765
71767
71772
71774
71779
71780
71781
71788
71790
71793
71797
71801
71802
71803
71808
71810
71811
71812
71813
71816
71818
71823
71825
71828
71829
71830
71832
71835
71839
71845
71849
71850
71852
71853
71855
71860
71865
71867
71868
71873
71875
71878
71883
71884
71886
71890
71891
71892
71893
71895
71897
71898
71900
71902
71904
71908
71909
71915
71917
71920
71925
71929
71932
71934
71937
71945
71946
71947
71955
71960
71961
71970
71972
71977
71979
71982
71983
71984
71995
71998
72004
72005
72006
72010
72011
72013
72014
72019
72020
72024
72029
72031
72032
72033
72037
72038
72039
72043
72044
72048
72051
72052
72054
72056
72059
72060
72062
72064
72070
72071
72073
72075
72077
72081
72082
72083
72084
72085
72086
72089
72090
72091
72101
72102
72103
72109
72112
72113
72115
72116
72118
72119
72121
72122
72124
72127
72131
72132
72143
72146
72149
72151
72159
72162
72166
72172
72173
72176
72178
72182
72184
72185
72187
72196
72202
72204
72207
72216
72218
72222
72228
72235
72239
72242
72246
72247
72250
72251
72252
72256
72258
72259
72271
72274
72281
72283
72284
72292
72293
72296
72303
72305
72306
72307
72308
72309
72318
72323
72324
72329
72335
72338
72341
72345
72346
72354
72358
72364
72365
72368
72369
72370
72372
72374
72375
72379
72380
72382
72383
72384
72386
72387
72388
72389
72391
72395
72398
72399
72400
72401
72404
72405
72407
72408
72412
72415
72417
72422
72425
72430
72432
72434
72437
72441
72444
72447
72451
72453
72457
72469
72472
72474
72476
72490
72498
72499
72502
72503
72514
72515
72517
72521
72522
72525
72536
72537
72538
72539
72541
72544
72545
72546
72548
72550
72553
72555
72560
72572
72582
72585
72588
72593
72599
72602
72606
72607
72608
72609
72617
72618
72620
72622
72632
72634
72638
72643
72649
72650
72651
72652
72653
72656
72665
72669
72674
72675
72676
72677
72681
72685
72686
72691
72693
72694
72696
72699
72700
72701
72702
72705
72708
72712
72718
72719
72721
72723
72725
72730
72734
72745
72755
72757
72762
72764
72769
72770
72771
72773
72777
72780
72784
72787
72788
72791
72801
72803
72805
72806
72807
72808
72810
72811
72812
72815
72817
72824
72826
72828
72831
72832
72834
72836
72838
72844
72847
72849
72850
72851
72852
72853
72860
72861
72866
72868
72869
72872
72876
72879
72880
72888
72889
72891
72895
72896
72898
72900
72901
72903
72905
72906
72907
72909
72912
72913
72914
72915
72925
72927
72929
72930
72932
72937
72939
72941
72942
72947
72948
72949
72956
72961
72963
72971
72972
72975
72978
72979
72984
72991
72993
72998
73002
73005
73008
73013
73018
73023
73024
73025
73028
73030
73039
73042
73043
73047
73048
73052
73053
73060
73062
73066
73071
73074
73075
73088
73090
73092
73094
73095
73096
73099
73104
73108
73115
73121
73123
73126
73128
73129
73132
73133
73135
73136
73142
73144
73145
73146
73147
73148
73154
73155
73158
73159
73162
73163
73164
73165
73168
73176
73177
73178
73182
73185
73186
73187
73189
73190
73192
73197
73199
73201
73210
73217
73218
73221
73223
73224
73225
73227
73229
73230
73231
73233
73234
73235
73237
73240
73248
73249
73257
73258
73259
73260
73261
73262
73267
73273
73274
73278
73284
73285
73286
73288
73290
73296
73298
73300
73301
73306
73309
73310
73312
73317
73319
73320
73321
73324
73326
73329
73338
73339
73340
73342
73343
73344
73347
73348
73349
73352
73353
73354
73357
73359
73364
73366
73367
73369
73371
73372
73373
73376
73379
73384
73385
73388
73390
73394
73395
73396
73398
73401
73402
73403
73406
73408
73410
73415
73417
73419
73423
73426
73429
73430
73432
73435
73438
73439
73440
73450
73451
73456
73460
73462
73465
73467
73471
73476
73482
73495
73499
73507
73509
73512
73513
73518
73522
73528
73530
73533
73535
73540
73541
73544
73545
73546
73549
73551
73552
73554
73558
73560
73564
73568
73570
73574
73575
73578
73579
73582
73583
73585
73587
73590
73592
73593
73597
73604
73606
73607
73608
73609
73610
73611
73621
73622
73629
73630
73632
73633
73635
73640
73641
73642
73646
73652
73653
73655
73658
73662
73664
73669
73670
73672
73674
73675
73677
73679
73680
73681
73682
73685
73694
73697
73698
73702
73704
73706
73708
73709
73711
73713
73714
73716
73719
73720
73722
73727
73729
73731
73737
73746
73747
73749
73754
73755
73757
73759
73762
73766
73774
73776
73777
73778
73786
73787
73791
73792
73794
73795
73797
73799
73802
73817
73819
73822
73823
73825
73826
73828
73829
73830
73832
73833
73834
73845
73847
73848
73851
73853
73855
73861
73862
73868
73869
73877
73878
73882
73885
73895
73897
73906
73907
73912
73916
73917
73918
73920
73933
73935
73936
73938
73944
73946
73954
73955
73958
73959
73962
73965
73968
73969
73970
73977
73989
73990
73991
74000
74003
74004
74005
74011
74012
74017
74021
74022
74023
74026
74030
74031
74032
74035
74036
74038
74040
74043
74045
74046
74050
74051
74054
74060
74061
74068
74072
74073
74074
74076
74077
74078
74087
74088
74089
74091
74092
74093
74098
74102
74103
74105
74109
74113
74121
74122
74123
74124
74125
74126
74127
74129
74132
74146
74155
74157
74162
74164
74166
74167
74168
74170
74173
74178
74185
74187
74190
74192
74196
74197
74200
74206
74207
74208
74210
74214
74220
74228
74241
74244
74245
74246
74247
74248
74251
74261
74263
74267
74269
74272
74279
74285
74287
74288
74291
74293
74294
74297
74298
74299
74300
74310
74313
74315
74316
74317
74319
74326
74330
74333
74337
74345
74348
74350
74352
74356
74358
74360
74361
74369
74371
74377
74379
74384
74388
74390
74393
74396
74399
74400
74404
74406
74407
74408
74409
74410
74414
74415
74416
74418
74419
74422
74424
74426
74428
74431
74437
74438
74445
74446
74448
74450
74451
74452
74454
74455
74459
74460
74464
74466
74470
74472
74473
74478
74479
74480
74483
74484
74485
74487
74497
74498
74499
74503
74504
74506
74509
74512
74513
74514
74516
74517
74519
74522
74524
74527
74529
74530
74534
74536
74537
74538
74540
74542
74543
74546
74549
74551
74552
74553
74554
74555
74557
74562
74563
74564
74566
74569
74570
74571
74574
74575
74576
74578
74579
74582
74590
74593
74594
74596
74597
74601
74602
74603
74610
74611
74612
74617
74618
74621
74622
74633
74634
74636
74640
74641
74650
74654
74657
74659
74661
74666
74674
74675
74681
74684
74685
74686
74694
74696
74699
74700
74702
74707
74715
74719
74722
74730
74735
74737
74740
74745
74748
74754
74757
74761
74765
74768
74770
74776
74786
74788
74796
74799
74800
74803
74804
74806
74812
74813
74818
74821
74822
74824
74825
74827
74828
74829
74834
74839
74841
74845
74846
74855
74862
74864
74868
74869
74872
74874
74875
74879
74880
74881
74882
74883
74887
74890
74891
74892
74898
74899
74901
74910
74916
74923
74925
74926
74928
74931
74933
74946
74947
74948
74954
74956
74960
74961
74962
74963
74965
74966
74968
74971
74972
74973
74980
74982
74983
74984
74986
74992
75000
75006
75008
75009
75010
75013
75014
75019
75020
75022
75024
75025
75029
75034
75038
75039
75050
75053
75055
75060
75062
75064
75065
75067
75069
75071
75073
75074
75084
75085
75086
75088
75091
75094
75095
75098
75099
75106
75109
75110
75113
75119
75122
75124
75126
75129
75130
75137
75138
75142
75144
75147
75149
75150
75151
75152
75154
75156
75159
75161
75162
75166
75167
75170
75175
75177
75180
75181
75201
75203
75206
75208
75211
75212
75213
75216
75223
75224
75225
75236
75237
75238
75252
75255
75259
75262
75265
75277
75279
75283
75284
75286
75293
75294
75295
75296
75297
75298
75302
75307
75311
75315
75329
75332
75333
75336
75343
75344
75345
75346
75348
75352
75353
75356
75358
75360
75362
75367
75371
75374
75375
75376
75377
75380
75382
75383
75384
75385
75386
75389
75398
75399
75401
75405
75408
75409
75412
75414
75416
75418
75420
75423
75428
75430
75435
75438
75442
75444
75458
75459
75466
75467
75473
75475
75476
75479
75480
75483
75485
75488
75491
75492
75497
75499
75502
75505
75509
75510
75522
75526
75528
75532
75533
75537
75543
75546
75548
75549
75551
75553
75555
75559
75560
75564
75566
75567
75568
75570
75571
75573
75576
75577
75579
75580
75581
75582
75583
75585
75587
75590
75592
75593
75594
75598
75600
75603
75605
75607
75611
75612
75615
75616
75619
75621
75631
75633
75635
75638
75641
75644
75645
75647
75651
75652
75656
75657
75660
75661
75663
75664
75667
75671
75674
75676
75677
75679
75681
75682
75689
75692
75695
75698
75704
75708
75710
75712
75715
75721
75722
75727
75728
75729
75736
75738
75741
75742
75743
75745
75748
75749
75750
75751
75752
75755
75758
75759
75760
75763
75764
75767
75768
75770
75771
75772
75773
75777
75782
75784
75785
75788
75789
75794
75798
75801
75808
75810
75811
75818
75821
75823
75824
75828
75834
75836
75837
75839
75840
75842
75848
75851
75856
75857
75859
75861
75862
75864
75867
75870
75873
75874
75875
75879
75881
75883
75885
75887
75888
75889
75890
75892
75893
75898
75902
75911
75913
75914
75919
75921
75922
75924
75926
75928
75931
75937
75940
75945
75948
75952
75954
75955
75956
75959
75963
75968
75969
75970
75972
75980
75983
75993
75996
75997
75998
75999
76011
76017
76018
76019
76021
76023
76027
76029
76036
76038
76043
76045
76046
76049
76051
76052
76057
76061
76063
76070
76073
76076
76078
76080
76082
76087
76088
76092
76094
76109
76110
76111
76112
76115
76116
76118
76119
76120
76125
76127
76135
76136
76138
76139
76141
76142
76147
76148
76155
76159
76161
76168
76170
76172
76173
76174
76177
76179
76181
76182
76186
76190
76195
76196
76200
76202
76203
76206
76208
76211
76214
76216
76225
76242
76245
76247
76248
76249
76250
76251
76253
76254
76256
76262
76269
76276
76280
76282
76283
76286
76288
76290
76291
76293
76296
76299
76301
76304
76305
76309
76311
76314
76320
76323
76326
76327
76330
76331
76333
76340
76341
76342
76344
76346
76349
76351
76356
76366
76368
76371
76372
76375
76383
76392
76396
76397
76399
76401
76402
76405
76406
76408
76409
76412
76416
76417
76418
76419
76422
76423
76425
76428
76430
76434
76435
76436
76440
76441
76447
76452
76454
76455
76456
76458
76459
76467
76469
76470
76473
76475
76477
76481
76482
76487
76492
76493
76501
76503
76508
76511
76512
76517
76518
76519
76521
76523
76528
76532
76533
76534
76535
76540
76553
76555
76556
76558
76559
76560
76561
76562
76568
76569
76571
76581
76584
76586
76588
76589
76591
76592
76594
76598
76604
76605
76609
76610
76619
76622
76628
76629
76631
76633
76637
76640
76645
76646
76649
76650
76662
76663
76665
76666
76672
76675
76692
76698
76699
76700
76702
76704
76717
76720
76722
76727
76729
76731
76732
76735
76737
76739
76740
76742
76755
76758
76760
76761
76762
76764
76766
76767
76770
76771
76777
76778
76784
76786
76787
76788
76790
76792
76797
76800
76807
76808
76812
76814
76817
76822
76824
76825
76826
76827
76833
76835
76837
76849
76850
76856
76859
76863
76866
76868
76870
76873
76874
76877
76878
76879
76882
76885
76890
76892
76895
76897
76898
76899
76903
76908
76911
76919
76921
76924
76925
76928
76930
76931
76934
76936
76938
76945
76947
76950
76954
76960
76963
76964
76965
76969
76976
76981
76984
76985
76989
76990
76993
76994
76997
76998
77000
77003
77011
77018
77019
77024
77025
77035
77036
77037
77040
77041
77045
77047
77048
77052
77056
77057
77058
77069
77078
77080
77083
77084
77085
77086
77087
77090
77094
77095
77096
77098
77099
77102
77105
77109
77110
77116
77118
77121
77128
77135
77140
77144
77145
77147
77154
77159
77161
77162
77165
77166
77174
77176
77179
77190
77192
77194
77201
77206
77208
77213
77214
77216
77217
77218
77225
77229
77231
77236
77238
77239
77241
77242
77244
77246
77251
77253
77257
77260
77269
77272
77273
77274
77275
77276
77290
77295
77296
77297
77298
77303
77304
77313
77315
77317
77322
77326
77328
77329
77330
77332
77333
77335
77338
77342
77343
77346
77347
77348
77352
77354
77360
77361
77362
77371
77374
77375
77376
77384
77387
77388
77389
77391
77392
77394
77396
77397
77398
77399
77400
77401
77404
77408
77411
77412
77421
77424
77426
77427
77428
77430
77431
77434
77442
77443
77448
77449
77451
77453
77459
77461
77462
77463
77466
77469
77471
77474
77475
77476
77480
77483
77484
77491
77493
77497
77500
77501
77502
77503
77506
77507
77511
77514
77515
77516
77517
77521
77522
77523
77530
77531
77532
77534
77542
77545
77553
77554
77555
77562
77567
77571
77572
77574
77577
77585
77586
77589
77591
77596
77599
77600
77601
77603
77604
77609
77610
77611
77617
77622
77627
77629
77633
77637
77638
77639
77640
77643
77645
77647
77649
77650
77665
77666
77667
77668
77672
77678
77681
77682
77684
77686
77687
77688
77691
77695
77697
77699
77702
77707
77708
77718
77724
77726
77727
77731
77733
77735
77736
77742
77747
77748
77752
77753
77754
77757
77770
77778
77780
77781
77788
77789
77793
77797
77799
77801
77804
77806
77808
77809
77813
77814
77816
77819
77820
77821
77826
77828
77834
77838
77839
77841
77845
77846
77853
77856
77859
77861
77863
77865
77866
77867
77870
77875
77876
77879
77880
77881
77883
77890
77892
77893
77895
77899
77900
77901
77904
77906
77907
77911
77916
77925
77926
77929
77931
77932
77935
77936
77940
77941
77943
77946
77949
77950
77956
77957
77959
77961
77976
77980
77981
77982
77988
77989
77991
77992
77996
78001
78004
78005
78011
78014
78018
78020
78021
78023
78024
78025
78037
78046
78049
78056
78059
78060
78061
78062
78063
78067
78071
78072
78076
78078
78080
78082
78084
78085
78089
78091
78096
78104
78112
78116
78121
78125
78128
78129
78134
78142
78144
78145
78146
78148
78150
78152
78156
78157
78161
78167
78168
78180
78183
78189
78190
78191
78192
78193
78195
78198
78203
78205
78206
78207
78209
78210
78213
78220
78224
78228
78229
78230
78233
78235
78236
78237
78238
78239
78241
78246
78247
78250
78252
78257
78259
78265
78266
78267
78268
78272
78274
78278
78284
78285
78291
78294
78295
78303
78305
78306
78312
78313
78317
78319
78320
78321
78324
78325
78329
78331
78332
78338
78340
78354
78355
78357
78361
78364
78365
78371
78377
78381
78386
78387
78389
78395
78396
78398
78399
78400
78402
78403
78404
78407
78408
78411
78413
78415
78416
78419
78421
78422
78423
78427
78428
78434
78435
78438
78439
78440
78441
78443
78452
78454
78456
78468
78471
78472
78474
78477
78479
78495
78497
78498
78503
78504
78505
78508
78509
78512
78515
78519
78522
78524
78541
78544
78548
78550
78551
78553
78555
78557
78565
78566
78571
78573
78575
78576
78577
78578
78580
78581
78582
78588
78589
78590
78592
78594
78596
78601
78602
78604
78608
78610
78614
78619
78622
78627
78631
78636
78640
78641
78643
78645
78651
78654
78655
78656
78659
78660
78661
78662
78666
78668
78671
78673
78674
78675
78676
78679
78680
78685
78686
78691
78693
78694
78701
78703
78705
78716
78723
78724
78728
78729
78731
78732
78733
78738
78740
78748
78749
78752
78753
78759
78761
78766
78774
78775
78780
78781
78782
78784
78789
78799
78800
78802
78806
78808
78812
78814
78817
78824
78825
78828
78830
78831
78837
78839
78841
78842
78844
78851
78853
78856
78858
78863
78869
78870
78872
78874
78876
78881
78884
78885
78887
78888
78890
78895
78896
78902
78903
78904
78907
78909
78910
78911
78916
78922
78926
78928
78933
78941
78949
78953
78957
78960
78961
78962
78964
78966
78967
78968
78971
78973
78975
78979
78986
78987
78989
78995
78998
79001
79008
79012
79013
79014
79022
79023
79029
79039
79041
79042
79046
79047
79051
79054
79056
79059
79061
79062
79063
79066
79071
79075
79077
79089
79096
79100
79117
79120
79124
79128
79129
79130
79133
79135
79136
79137
79145
79147
79148
79149
79150
79151
79155
79156
79159
79166
79169
79170
79174
79178
79179
79180
79181
79185
79191
79192
79196
79200
79201
79205
79212
79223
79225
79226
79227
79229
79230
79236
79240
79243
79247
79249
79251
79255
79256
79257
79263
79264
79265
79267
79275
79278
79283
79288
79289
79291
79293
79296
79298
79299
79300
79305
79306
79309
79310
79311
79312
79313
79314
79315
79317
79324
79325
79338
79341
79343
79344
79345
79346
79347
79348
79364
79365
79367
79369
79383
79384
79385
79386
79391
79396
79401
79402
79409
79413
79418
79420
79427
79428
79431
79432
79434
79438
79439
79453
79455
79458
79459
79462
79465
79466
79467
79469
79470
79474
79475
79476
79477
79480
79485
79486
79488
79496
79498
79501
79508
79509
79518
79530
79531
79533
79540
79542
79543
79544
79545
79549
79552
79556
79563
79566
79568
79572
79575
79578
79583
79588
79593
79598
79601
79606
79607
79608
79609
79611
79612
79616
79617
79619
79620
79625
79626
79637
79639
79640
79644
79646
79652
79654
79655
79659
79663
79667
79668
79669
79671
79672
79674
79676
79678
79680
79682
79684
79686
79689
79691
79699
79700
79701
79704
79709
79711
79713
79715
79716
79717
79718
79719
79720
79722
79729
79733
79735
79736
79744
79745
79748
79752
79760
79762
79764
79769
79772
79773
79777
79778
79783
79784
79785
79791
79795
79797
79798
79799
79801
79803
79806
79807
79808
79812
79814
79816
79817
79822
79823
79826
79827
79829
79831
79833
79835
79844
79847
79848
79849
79853
79859
79866
79868
79876
79877
79880
79882
79886
79887
79888
79896
79897
79900
79901
79902
79904
79905
79907
79912
79914
79915
79924
79931
79932
79938
79941
79950
79951
79952
79953
79957
79958
79962
79963
79965
79972
79974
79977
79979
79983
79990
79991
79995
79996
79997
79998
80005
80010
80011
80012
80015
80017
80018
80019
80020
80021
80024
80039
80046
80048
80052
80056
80062
80065
80066
80069
80072
80075
80077
80081
80085
80086
80087
80088
80092
80097
80099
80104
80105
80106
80109
80112
80113
80114
80117
80118
80122
80124
80129
80134
80135
80141
80142
80143
80149
80157
80158
80159
80160
80161
80162
80164
80167
80169
80170
80172
80175
80183
80192
80193
80194
80197
80198
80201
80206
80207
80208
80215
80225
80231
80233
80238
80239
80241
80246
80248
80249
80250
80251
80253
80254
80256
80258
80259
80260
80265
80269
80271
80274
80281
80282
80284
80291
80294
80296
80299
80302
80305
80306
80307
80308
80312
80316
80322
80323
80325
80329
80333
80338
80340
80341
80345
80360
80361
80362
80367
80370
80371
80375
80377
80381
80385
80386
80388
80391
80395
80401
80403
80413
80415
80419
80420
80422
80425
80426
80427
80430
80436
80439
80442
80444
80445
80447
80448
80450
80455
80456
80466
80468
80471
80475
80480
80482
80485
80486
80492
80493
80494
80497
80498
80501
80506
80507
80508
80513
80516
80518
80519
80520
80526
80527
80536
80542
80545
80547
80548
80549
80550
80555
80558
80559
80565
80566
80568
80571
80573
80581
80586
80587
80592
80597
80598
80601
80604
80609
80611
80615
80619
80622
80624
80627
80628
80630
80632
80633
80634
80635
80636
80641
80642
80644
80645
80649
80652
80657
80659
80660
80663
80670
80671
80672
80675
80681
80682
80685
80688
80690
80691
80692
80697
80700
80705
80709
80714
80715
80723
80725
80726
80729
80732
80734
80737
80740
80748
80751
80752
80754
80757
80758
80759
80762
80765
80772
80773
80774
80786
80791
80793
80796
80797
80800
80804
80807
80809
80810
80812
80819
80822
80827
80828
80831
80832
80834
80837
80840
80842
80843
80847
80849
80853
80861
80863
80865
80866
80873
80874
80875
80877
80878
80879
80881
80885
80888
80892
80893
80896
80899
80900
80903
80912
80913
80920
80922
80923
80941
80945
80952
80954
80959
80962
80969
80971
80974
80975
80978
80979
80982
80983
80993
80996
80998
81001
81002
81004
81006
81008
81012
81014
81023
81027
81031
81033
81038
81041
81042
81044
81046
81047
81049
81050
81053
81055
81059
81061
81063
81064
81065
81077
81078
81081
81082
81083
81084
81088
81090
81094
81096
81099
81100
81102
81111
81122
81123
81125
81126
81127
81128
81129
81130
81131
81132
81133
81141
81148
81149
81152
81153
81154
81155
81158
81162
81163
81165
81168
81170
81172
81173
81179
81180
81186
81188
81192
81196
81201
81206
81207
81211
81213
81221
81223
81227
81232
81234
81235
81242
81244
81245
81248
81249
81252
81259
81260
81263
81267
81270
81271
81273
81274
81278
81280
81282
81284
81286
81288
81295
81297
81299
81300
81301
81305
81308
81309
81310
81311
81314
81319
81326
81330
81332
81333
81337
81338
81341
81342
81344
81351
81355
81356
81358
81359
81365
81367
81368
81371
81377
81378
81379
81380
81382
81383
81384
81386
81391
81392
81393
81400
81402
81407
81408
81410
81416
81418
81420
81421
81428
81430
81436
81438
81440
81448
81461
81465
81472
81475
81476
81480
81485
81487
81493
81496
81502
81506
81512
81513
81518
81520
81521
81523
81529
81530
81532
81533
81535
81537
81539
81544
81550
81554
81559
81561
81563
81564
81567
81570
81572
81576
81578
81583
81584
81588
81590
81591
81593
81595
81597
81604
81605
81608
81611
81612
81613
81616
81619
81621
81622
81626
81632
81637
81640
81641
81643
81645
81650
81651
81655
81657
81659
81662
81664
81672
81676
81682
81683
81686
81694
81698
81702
81712
81717
81723
81724
81725
81726
81728
81732
81735
81738
81739
81743
81744
81747
81751
81753
81756
81765
81766
81771
81772
81783
81787
81788
81789
81790
81795
81796
81799
81806
81809
81815
81821
81827
81830
81833
81836
81837
81838
81842
81844
81846
81850
81855
81859
81861
81864
81865
81867
81868
81874
81875
81878
81880
81890
81893
81897
81902
81904
81905
81906
81907
81912
81917
81918
81925
81932
81934
81937
81941
81944
81946
81949
81954
81960
81969
81971
81978
81980
81981
81982
81987
81991
81994
81996
81997
81998
82000
82003
82006
82007
82012
82013
82015
82018
82024
82026
82027
82033
82035
82036
82037
82043
82045
82048
82051
82052
82054
82056
82060
82061
82062
82064
82072
82073
82075
82081
82082
82083
82089
82092
82094
82096
82097
82099
82104
82106
82107
82109
82113
82115
82117
82118
82126
82131
82132
82136
82137
82139
82142
82143
82145
82146
82148
82150
82153
82158
82161
82178
82180
82183
82187
82190
82191
82193
82194
82198
82199
82201
82204
82210
82212
82217
82219
82222
82224
82226
82231
82232
82236
82238
82240
82243
82244
82248
82250
82253
82254
82255
82258
82259
82261
82262
82263
82265
82266
82267
82270
82271
82277
82283
82285
82286
82288
82290
82294
82296
82297
82298
82302
82305
82307
82309
82314
82317
82319
82323
82324
82328
82337
82339
82344
82351
82359
82360
82370
82374
82375
82378
82381
82382
82387
82391
82393
82395
82399
82402
82404
82412
82413
82420
82427
82435
82442
82443
82445
82446
82449
82450
82455
82469
82472
82473
82474
82478
82481
82482
82488
82494
82495
82498
82500
82501
82503
82504
82506
82507
82508
82509
82510
82511
82514
82515
82516
82517
82525
82529
82533
82534
82543
82544
82546
82551
82552
82559
82564
82566
82568
82569
82573
82578
82582
82583
82584
82587
82588
82589
82590
82593
82595
82596
82597
82601
82603
82604
82606
82609
82612
82613
82619
82620
82621
82627
82628
82629
82634
82642
82648
82653
82655
82659
82663
82666
82675
82676
82679
82682
82684
82689
82690
82694
82697
82698
82704
82705
82708
82711
82713
82716
82718
82721
82723
82724
82725
82734
82735
82744
82745
82750
82751
82755
82757
82762
82763
82764
82768
82769
82771
82776
82784
82787
82788
82792
82797
82798
82805
82807
82809
82812
82817
82819
82821
82822
82823
82827
82829
82830
82833
82837
82838
82839
82843
82848
82851
82854
82855
82857
82865
82866
82868
82869
82874
82881
82884
82889
82890
82891
82893
82897
82898
82900
82907
82909
82910
82912
82913
82916
82923
82927
82931
82932
82937
82944
82945
82948
82949
82951
82952
82961
82968
82974
82976
82978
82980
82988
82990
82993
82995
83000
83001
83008
83009
83011
83014
83015
83020
83021
83022
83024
83033
83034
83035
83039
83047
83048
83050
83057
83059
83062
83064
83066
83067
83069
83071
83073
83075
83076
83077
83079
83080
83081
83082
83084
83086
83090
83093
83094
83097
83100
83107
83109
83117
83123
83124
83125
83127
83128
83130
83132
83138
83139
83140
83141
83144
83145
83148
83149
83150
83153
83156
83161
83167
83170
83171
83177
83181
83182
83184
83185
83192
83195
83196
83199
83202
83207
83208
83209
83210
83212
83222
83223
83224
83231
83234
83237
83238
83240
83243
83247
83253
83260
83262
83265
83266
83269
83270
83271
83272
83273
83285
83291
83292
83295
83296
83298
83303
83304
83306
83315
83317
83319
83323
83328
83330
83334
83336
83337
83338
83339
83340
83342
83343
83345
83351
83353
83355
83356
83357
83358
83360
83362
83365
83366
83374
83376
83380
83385
83387
83389
83394
83399
83400
83404
83407
83419
83420
83422
83424
83426
83429
83432
83436
83437
83441
83446
83449
83451
83454
83456
83457
83458
83464
83470
83476
83484
83489
83491
83492
83494
83497
83500
83505
83506
83508
83509
83512
83515
83521
83535
83536
83538
83541
83544
83545
83549
83550
83551
83556
83557
83559
83561
83564
83567
83569
83575
83579
83580
83582
83583
83588
83597
83600
83601
83605
83611
83616
83621
83626
83628
83629
83638
83641
83643
83646
83649
83651
83656
83660
83661
83665
83670
83671
83672
83674
83676
83678
83679
83686
83687
83693
83694
83696
83698
83699
83702
83707
83708
83711
83712
83713
83721
83722
83724
83727
83728
83730
83731
83735
83739
83742
83744
83745
83747
83749
83752
83755
83756
83760
83761
83765
83767
83769
83772
83780
83783
83788
83789
83801
83802
83806
83811
83812
83813
83817
83819
83822
83823
83825
83827
83828
83831
83832
83834
83836
83837
83842
83847
83851
83854
83862
83868
83869
83871
83872
83873
83874
83876
83877
83878
83888
83893
83898
83899
83901
83903
83905
83908
83910
83912
83915
83916
83917
83918
83924
83926
83934
83935
83936
83943
83945
83946
83950
83954
83957
83960
83961
83965
83968
83976
83979
83983
83984
83985
83988
83990
83996
83998
83999
84001
84006
84009
84011
84014
84018
84019
84020
84021
84023
84024
84026
84031
84032
84035
84038
84039
84043
84044
84046
84049
84059
84060
84063
84064
84066
84067
84071
84073
84076
84087
84091
84100
84102
84103
84116
84118
84126
84128
84129
84137
84138
84140
84141
84142
84145
84156
84157
84160
84168
84169
84171
84174
84175
84179
84180
84181
84182
84184
84187
84191
84200
84205
84206
84207
84208
84211
84213
84215
84216
84233
84235
84237
84243
84246
84254
84255
84259
84260
84262
84270
84274
84280
84282
84287
84288
84290
84291
84292
84293
84294
84297
84300
84307
84311
84312
84313
84316
84317
84318
84321
84322
84325
84326
84328
84333
84334
84335
84336
84338
84339
84341
84342
84344
84348
84350
84351
84353
84354
84355
84356
84358
84361
84364
84365
84370
84372
84376
84378
84379
84381
84388
84392
84397
84398
84406
84409
84414
84415
84432
84433
84438
84442
84444
84446
84447
84449
84459
84461
84471
84477
84481
84483
84484
84486
84487
84488
84489
84491
84492
84493
84498
84504
84505
84507
84512
84518
84519
84520
84521
84522
84523
84529
84532
84533
84534
84535
84537
84538
84540
84544
84548
84549
84552
84558
84560
84561
84563
84564
84565
84567
84568
84570
84572
84573
84581
84583
84584
84586
84587
84591
84593
84598
84599
84603
84607
84611
84614
84617
84620
84629
84631
84636
84647
84648
84659
84667
84668
84673
84674
84675
84676
84677
84679
84681
84682
84683
84685
84688
84697
84698
84699
84700
84701
84702
84705
84713
84716
84718
84722
84724
84726
84728
84731
84734
84735
84737
84740
84743
84745
84746
84747
84750
84753
84761
84769
84770
84771
84781
84785
84786
84792
84793
84794
84801
84803
84804
84809
84810
84811
84812
84814
84821
84822
84825
84829
84831
84835
84836
84840
84841
84847
84849
84851
84852
84853
84854
84855
84859
84862
84869
84871
84875
84879
84881
84884
84887
84890
84891
84893
84903
84905
84907
84911
84922
84939
84943
84945
84946
84949
84950
84952
84953
84955
84957
84966
84971
84973
84974
84976
84979
84980
84983
84984
84985
84986
84987
84988
84991
84995
85000
85003
85008
85010
85011
85017
85018
85030
85039
85044
85046
85047
85057
85058
85059
85060
85063
85066
85070
85071
85072
85080
85090
85091
85092
85093
85094
85095
85098
85099
85103
85104
85107
85108
85109
85110
85111
85113
85116
85117
85125
85126
85129
85130
85131
85132
85136
85139
85142
85144
85146
85148
85151
85164
85166
85169
85171
85174
85175
85176
85179
85180
85181
85182
85183
85188
85193
85194
85199
85201
85203
85205
85207
85214
85216
85217
85220
85225
85226
85229
85231
85235
85241
85244
85249
85250
85251
85255
85260
85264
85265
85270
85273
85275
85276
85279
85283
85284
85288
85293
85298
85302
85305
85308
85310
85311
85312
85313
85314
85317
85318
85325
85326
85340
85342
85346
85348
85349
85351
85357
85358
85362
85364
85365
85366
85369
85370
85374
85378
85379
85390
85393
85398
85399
85400
85401
85405
85413
85414
85415
85420
85426
85427
85428
85432
85434
85435
85436
85439
85443
85444
85450
85454
85456
85459
85467
85470
85472
85478
85491
85492
85496
85499
85504
85514
85515
85516
85520
85522
85526
85529
85534
85535
85537
85538
85540
85541
85543
85545
85550
85552
85556
85558
85562
85563
85565
85567
85568
85569
85570
85572
85573
85575
85579
85584
85587
85589
85590
85595
85596
85602
85606
85609
85611
85613
85616
85617
85631
85635
85636
85638
85641
85644
85646
85650
85653
85654
85658
85659
85661
85663
85665
85667
85677
85685
85688
85691
85692
85693
85699
85704
85705
85707
85708
85710
85713
85715
85717
85718
85719
85729
85733
85735
85741
85743
85745
85751
85753
85779
85781
85782
85786
85787
85789
85791
85792
85796
85798
85800
85802
85804
85808
85814
85822
85825
85826
85827
85829
85833
85838
85841
85842
85845
85848
85853
85855
85859
85866
85867
85868
85869
85872
85873
85874
85876
85879
85880
85884
85885
85889
85892
85894
85895
85897
85898
85900
85902
85905
85908
85912
85922
85923
85926
85927
85928
85929
85945
85946
85949
85950
85955
85956
85959
85960
85963
85964
85970
85973
85980
85983
85985
85988
85992
85993
85996
85999
86001
86002
86010
86014
86017
86018
86020
86029
86033
86035
86036
86037
86046
86047
86049
86052
86058
86060
86063
86065
86066
86067
86068
86070
86081
86082
86083
86087
86088
86094
86098
86102
86105
86106
86113
86117
86125
86127
86131
86132
86134
86140
86145
86149
86155
86156
86157
86159
86160
86161
86163
86173
86174
86176
86180
86185
86190
86191
86193
86198
86203
86204
86207
86213
86215
86221
86222
86223
86224
86228
86231
86234
86235
86239
86243
86244
86247
86249
86250
86260
86262
86263
86266
86267
86275
86278
86279
86284
86287
86290
86297
86301
86315
86316
86319
86320
86324
86327
86336
86341
86346
86353
86359
86361
86362
86368
86369
86371
86377
86379
86381
86385
86388
86391
86396
86399
86401
86403
86405
86406
86408
86409
86410
86412
86417
86418
86419
86422
86423
86424
86425
86435
86443
86444
86456
86464
86466
86471
86475
86476
86480
86482
86483
86489
86492
86494
86497
86498
86499
86504
86506
86507
86514
86515
86520
86521
86524
86531
86532
86539
86540
86546
86549
86553
86558
86561
86572
86578
86582
86589
86590
86591
86593
86594
86595
86604
86605
86610
86611
86613
86616
86619
86624
86628
86629
86630
86633
86634
86638
86644
86646
86647
86651
86652
86657
86659
86660
86668
86672
86676
86679
86683
86684
86687
86688
86689
86692
86696
86700
86702
86703
86704
86705
86713
86718
86721
86722
86725
86726
86732
86734
86735
86736
86738
86739
86743
86746
86748
86757
86759
86762
86767
86772
86773
86775
86778
86780
86782
86786
86788
86791
86792
86793
86794
86797
86808
86809
86810
86812
86820
86821
86826
86833
86838
86839
86841
86842
86843
86844
86854
86855
86856
86857
86863
86868
86871
86873
86875
86876
86878
86879
86880
86884
86886
86887
86893
86897
86899
86900
86903
86907
86913
86914
86918
86920
86922
86923
86925
86927
86928
86931
86932
86935
86937
86938
86943
86950
86952
86954
86956
86958
86959
86961
86965
86973
86977
86979
86981
86983
86985
86986
86989
86996
87003
87006
87012
87014
87023
87024
87026
87028
87029
87030
87032
87036
87040
87045
87051
87052
87054
87055
87057
87060
87063
87069
87070
87071
87073
87080
87086
87095
87096
87097
87110
87112
87114
87117
87118
87120
87133
87135
87137
87138
87149
87152
87156
87157
87158
87161
87162
87164
87165
87170
87178
87180
87181
87183
87189
87194
87195
87196
87200
87202
87212
87214
87218
87219
87232
87234
87235
87241
87246
87248
87254
87255
87264
87270
87276
87277
87280
87281
87282
87285
87286
87289
87290
87292
87294
87296
87304
87306
87310
87312
87313
87317
87320
87321
87322
87324
87325
87337
87338
87340
87342
87343
87347
87354
87356
87359
87366
87368
87373
87376
87377
87378
87380
87381
87384
87391
87395
87396
87398
87400
87401
87405
87406
87408
87413
87416
87418
87420
87421
87422
87426
87444
87449
87450
87451
87453
87456
87457
87459
87462
87467
87474
87476
87478
87484
87487
87488
87489
87493
87494
87496
87511
87516
87522
87524
87527
87528
87529
87531
87534
87539
87540
87541
87551
87552
87553
87557
87559
87562
87563
87571
87576
87578
87590
87592
87595
87598
87603
87605
87612
87616
87618
87620
87622
87626
87628
87629
87632
87634
87637
87642
87643
87651
87654
87655
87670
87679
87681
87685
87693
87695
87701
87711
87720
87727
87730
87735
87738
87742
87743
87748
87749
87750
87753
87754
87755
87760
87763
87766
87769
87772
87783
87793
87796
87800
87801
87802
87805
87806
87809
87810
87812
87814
87823
87824
87831
87833
87835
87838
87840
87842
87843
87847
87852
87853
87856
87862
87867
87871
87872
87875
87881
87885
87887
87891
87894
87895
87896
87897
87910
87912
87915
87917
87920
87929
87930
87931
87936
87943
87949
87956
87958
87965
87968
87978
87979
87983
87987
87994
88000
88010
88018
88019
88026
88028
88031
88047
88049
88051
88059
88066
88067
88070
88077
88084
88086
88093
88094
88099
88100
88102
88105
88112
88114
88117
88126
88128
88129
88130
88137
88140
88153
88154
88160
88161
88163
88166
88167
88169
88175
88183
88192
88194
88196
88210
88211
88212
88217
88219
88222
88223
88225
88226
88229
88233
88234
88239
88244
88249
88250
88252
88254
88255
88262
88270
88271
88273
88280
88281
88284
88285
88290
88292
88296
88297
88301
88302
88305
88308
88310
88315
88323
88326
88327
88333
88335
88342
88344
88346
88347
88351
88353
88356
88367
88371
88373
88376
88380
88381
88387
88388
88390
88397
88398
88404
88405
88408
88410
88414
88416
88417
88421
88427
88429
88432
88435
88438
88439
88441
88447
88448
88450
88453
88454
88455
88456
88460
88463
88468
88469
88472
88473
88479
88483
88485
88486
88491
88492
88495
88497
88500
88517
88519
88520
88523
88526
88527
88530
88533
88534
88546
88548
88554
88555
88558
88559
88562
88566
88569
88573
88575
88577
88584
88585
88587
88592
88594
88596
88599
88603
88604
88605
88613
88616
88620
88624
88625
88632
88633
88641
88648
88650
88651
88654
88656
88659
88662
88663
88664
88665
88666
88668
88675
88678
88679
88680
88681
88682
88683
88686
88690
88693
88706
88708
88709
88711
88716
88717
88719
88731
88742
88749
88752
88754
88759
88763
88767
88768
88773
88778
88780
88781
88784
88785
88789
88790
88791
88793
88796
88801
88802
88805
88812
88814
88816
88818
88820
88821
88822
88823
88828
88830
88831
88839
88841
88844
88845
88848
88849
88850
88851
88854
88855
88856
88859
88861
88862
88868
88869
88882
88887
88888
88891
88892
88893
88895
88899
88901
88913
88923
88933
88934
88936
88941
88944
88945
88946
88947
88949
88966
88967
88972
88974
88976
88977
88980
88983
88986
88988
88989
88992
89006
89007
89013
89016
89020
89024
89026
89033
89037
89043
89044
89046
89050
89051
89052
89053
89054
89055
89058
89071
89081
89082
89085
89086
89089
89090
89093
89101
89105
89106
89107
89110
89112
89115
89119
89120
89121
89127
89131
89134
89137
89142
89143
89147
89150
89151
89153
89157
89158
89160
89162
89164
89170
89179
89181
89183
89192
89200
89202
89204
89209
89211
89212
89213
89220
89222
89226
89227
89230
89236
89237
89240
89242
89244
89245
89250
89258
89260
89269
89274
89275
89276
89279
89282
89284
89291
89294
89295
89298
89299
89300
89301
89303
89304
89311
89314
89317
89319
89320
89324
89328
89329
89331
89333
89334
89342
89343
89345
89348
89349
89350
89354
89356
89360
89361
89363
89369
89372
89374
89375
89384
89388
89389
89404
89409
89417
89426
89428
89429
89435
89437
89438
89439
89441
89443
89446
89449
89450
89459
89465
89468
89470
89471
89477
89478
89480
89485
89489
89492
89494
89498
89501
89502
89503
89509
89510
89513
89517
89532
89537
89538
89543
89544
89545
89549
89550
89559
89561
89563
89575
89577
89579
89581
89595
89596
89599
89600
89607
89616
89619
89621
89624
89631
89632
89635
89637
89639
89642
89643
89644
89647
89654
89655
89660
89661
89667
89668
89672
89674
89677
89683
89687
89689
89690
89691
89692
89698
89699
89700
89701
89702
89705
89706
89707
89711
89712
89714
89716
89721
89725
89730
89731
89737
89745
89754
89766
89774
89776
89782
89786
89788
89790
89793
89794
89798
89799
89800
89809
89810
89814
89820
89822
89823
89829
89831
89833
89835
89836
89842
89848
89850
89851
89852
89858
89859
89861
89865
89871
89873
89875
89883
89884
89886
89887
89891
89892
89894
89896
89900
89901
89903
89904
89910
89911
89913
89917
89930
89931
89935
89944
89947
89950
89956
89964
89976
89977
89984
89990
89994
90000
90002
90004
90005
90007
90012
90013
90014
90016
90017
90020
90030
90037
90056
90060
90061
90070
90072
90077
90079
90086
90087
90089
90090
90095
90098
90101
90110
90111
90119
90120
90121
90122
90129
90130
90133
90135
90136
90140
90142
90150
90151
90152
90154
90156
90162
90163
90165
90178
90180
90183
90185
90188
90190
90193
90197
90198
90199
90203
90209
90211
90214
90215
90218
90225
90226
90227
90233
90234
90236
90239
90241
90242
90246
90248
90249
90252
90255
90258
90270
90273
90275
90277
90278
90282
90283
90290
90291
90292
90293
90294
90300
90302
90307
90311
90313
90315
90320
90325
90327
90329
90332
90342
90344
90345
90346
90349
90350
90354
90360
90371
90372
90375
90377
90379
90382
90383
90384
90385
90387
90389
90392
90402
90403
90404
90407
90409
90410
90416
90418
90422
90423
90424
90428
90430
90433
90434
90436
90439
90448
90451
90452
90454
90456
90459
90461
90468
90470
90473
90474
90479
90480
90482
90483
90487
90493
90495
90496
90499
90504
90509
90514
90515
90519
90520
90522
90529
90532
90533
90534
90536
90540
90545
90549
90552
90554
90560
90564
90569
90571
90572
90579
90580
90582
90586
90592
90595
90597
90598
90599
90600
90602
90603
90613
90615
90622
90625
90626
90629
90630
90631
90636
90639
90642
90643
90646
90647
90648
90651
90656
90657
90664
90669
90670
90674
90675
90679
90685
90692
90699
90701
90702
90703
90706
90707
90710
90712
90714
90716
90717
90718
90719
90722
90727
90729
90731
90733
90734
90736
90742
90743
90744
90745
90750
90758
90759
90763
90767
90769
90771
90773
90774
90777
90782
90790
90796
90809
90810
90811
90812
90813
90817
90821
90824
90829
90832
90836
90838
90842
90844
90846
90853
90861
90866
90871
90875
90881
90882
90886
90895
90896
90903
90904
90905
90906
90909
90912
90914
90917
90922
90930
90934
90937
90938
90939
90942
90946
90949
90953
90956
90959
90971
90972
90973
90982
90987
90997
91005
91006
91007
91009
91031
91034
91036
91039
91044
91048
91056
91063
91064
91068
91083
91089
91092
91093
91094
91096
91097
91098
91100
91103
91108
91112
91119
91120
91135
91142
91143
91144
91152
91154
91155
91156
91157
91159
91169
91170
91174
91175
91179
91182
91184
91187
91188
91189
91191
91197
91198
91200
91204
91215
91216
91220
91223
91224
91225
91226
91229
91232
91233
91237
91240
91243
91253
91255
91256
91259
91262
91271
91274
91275
91276
91289
91291
91292
91293
91294
91298
91303
91305
91307
91310
91311
91313
91316
91317
91324
91326
91330
91336
91338
91339
91341
91359
91364
91366
91367
91368
91377
91379
91380
91383
91389
91400
91408
91409
91410
91414
91418
91419
91420
91424
91425
91427
91428
91431
91432
91434
91435
91436
91437
91438
91443
91444
91449
91457
91459
91460
91463
91466
91468
91469
91472
91479
91484
91489
91491
91492
91494
91496
91497
91502
91503
91511
91512
91514
91515
91517
91520
91521
91522
91523
91525
91527
91530
91534
91536
91539
91541
91542
91543
91551
91554
91555
91559
91560
91561
91564
91565
91570
91572
91574
91575
91580
91589
91595
91597
91603
91605
91610
91611
91616
91624
91633
91635
91638
91640
91641
91642
91644
91648
91651
91657
91660
91670
91676
91679
91687
91689
91691
91696
91698
91700
91703
91711
91716
91720
91723
91726
91728
91729
91730
91733
91738
91742
91749
91753
91760
91765
91767
91770
91772
91775
91778
91787
91795
91796
91797
91803
91805
91807
91808
91811
91818
91824
91825
91826
91829
91834
91836
91838
91839
91841
91843
91845
91847
91848
91849
91851
91852
91853
91855
91857
91860
91861
91862
91863
91864
91866
91867
91871
91876
91880
91881
91887
91889
91893
91894
91896
91900
91904
91910
91917
91919
91920
91921
91922
91930
91935
91936
91937
91944
91945
91947
91950
91951
91954
91956
91958
91963
91965
91967
91974
91976
91979
91982
91983
91988
91991
91993
91997
92002
92004
92007
92012
92014
92015
92016
92017
92018
92019
92020
92023
92025
92027
92033
92035
92036
92041
92042
92043
92044
92045
92049
92054
92059
92061
92066
92068
92069
92071
92079
92084
92085
92089
92090
92094
92102
92103
92108
92120
92125
92128
92131
92132
92135
92137
92142
92148
92154
92162
92167
92169
92172
92176
92187
92195
92199
92202
92203
92204
92206
92207
92211
92213
92214
92218
92226
92229
92230
92233
92234
92244
92245
92251
92253
92254
92256
92258
92260
92261
92262
92268
92270
92274
92284
92285
92287
92290
92292
92293
92299
92303
92305
92307
92311
92313
92320
92321
92322
92323
92325
92328
92334
92342
92345
92348
92349
92355
92356
92362
92365
92369
92371
92372
92375
92379
92386
92390
92391
92392
92395
92396
92399
92400
92402
92403
92407
92409
92416
92417
92421
92422
92423
92431
92435
92436
92439
92445
92446
92447
92456
92459
92463
92465
92466
92467
92468
92469
92475
92478
92480
92481
92482
92500
92502
92507
92509
92512
92517
92522
92525
92527
92533
92536
92538
92541
92546
92549
92552
92554
92557
92559
92564
92568
92571
92572
92576
92578
92582
92588
92590
92598
92605
92606
92612
92622
92624
92626
92627
92628
92630
92631
92632
92635
92636
92641
92644
92645
92649
92654
92663
92666
92669
92676
92680
92683
92684
92685
92686
92687
92688
92690
92694
92695
92697
92701
92709
92710
92726
92728
92735
92736
92741
92745
92746
92747
92748
92749
92751
92758
92760
92761
92765
92768
92772
92773
92775
92781
92785
92795
92798
92799
92802
92803
92805
92814
92818
92820
92824
92825
92832
92834
92842
92843
92846
92853
92854
92855
92863
92868
92872
92874
92876
92880
92883
92886
92887
92899
92903
92905
92906
92913
92915
92916
92918
92921
92926
92927
92929
92930
92935
92946
92947
92952
92955
92958
92959
92960
92970
92974
92975
92981
92986
92987
92988
92992
92993
92994
93008
93013
93015
93022
93027
93028
93034
93040
93041
93046
93048
93049
93050
93051
93052
93055
93068
93069
93073
93080
93106
93107
93114
93115
93116
93117
93118
93121
93129
93131
93133
93136
93141
93144
93145
93146
93149
93150
93154
93159
93166
93169
93171
93172
93173
93177
93178
93182
93186
93188
93190
93194
93196
93209
93217
93219
93220
93223
93227
93228
93229
93237
93247
93248
93249
93250
93252
93253
93255
93258
93260
93261
93263
93265
93268
93269
93274
93275
93287
93289
93290
93295
93299
93300
93307
93317
93335
93338
93342
93343
93348
93353
93354
93355
93357
93360
93363
93366
93374
93375
93376
93396
93400
93401
93413
93420
93422
93424
93425
93428
93432
93433
93434
93436
93440
93447
93448
93449
93450
93451
93456
93465
93467
93473
93478
93480
93484
93485
93486
93488
93493
93495
93499
93500
93502
93503
93506
93509
93511
93513
93518
93519
93526
93528
93530
93531
93532
93534
93535
93536
93538
93541
93542
93544
93545
93550
93558
93559
93564
93565
93570
93571
93574
93575
93580
93581
93582
93584
93587
93588
93590
93591
93604
93609
93611
93613
93619
93622
93630
93633
93635
93637
93639
93642
93643
93646
93659
93660
93662
93664
93667
93669
93678
93682
93695
93696
93697
93698
93699
93702
93709
93711
93720
93726
93727
93730
93732
93733
93741
93744
93745
93751
93752
93753
93755
93759
93760
93763
93764
93775
93776
93784
93788
93789
93800
93802
93804
93806
93810
93811
93813
93815
93823
93829
93833
93835
93844
93847
93851
93853
93855
93859
93874
93878
93886
93895
93896
93899
93901
93904
93911
93916
93919
93922
93926
93927
93929
93930
93932
93934
93937
93940
93948
93952
93953
93954
93960
93964
93966
93968
93974
93976
93980
93982
93986
93987
93991
93992
93995
94000
94002
94005
94006
94007
94016
94018
94020
94027
94030
94031
94032
94033
94034
94036
94037
94039
94041
94042
94044
94045
94046
94051
94052
94060
94061
94062
94063
94071
94073
94075
94077
94080
94084
94088
94092
94094
94102
94103
94104
94106
94113
94117
94121
94123
94124
94125
94127
94132
94133
94137
94138
94144
94146
94152
94157
94159
94162
94164
94168
94171
94172
94174
94176
94178
94179
94180
94181
94182
94190
94193
94196
94199
94201
94203
94207
94208
94209
94210
94213
94225
94230
94234
94236
94238
94242
94243
94247
94258
94261
94269
94270
94281
94282
94291
94292
94294
94295
94296
94298
94299
94302
94306
94310
94315
94320
94323
94327
94339
94340
94343
94354
94358
94361
94362
94363
94365
94370
94371
94372
94376
94377
94386
94391
94394
94397
94398
94401
94403
94408
94409
94410
94413
94416
94419
94421
94423
94428
94434
94437
94441
94447
94450
94452
94454
94462
94471
94476
94492
94493
94494
94496
94498
94499
94501
94503
94504
94507
94508
94511
94512
94513
94514
94519
94525
94526
94528
94533
94536
94546
94547
94549
94555
94561
94562
94563
94564
94565
94567
94570
94571
94573
94576
94585
94587
94601
94603
94607
94612
94616
94617
94623
94626
94632
94636
94638
94640
94641
94642
94643
94647
94650
94654
94655
94658
94659
94667
94673
94677
94679
94682
94689
94690
94691
94692
94697
94699
94704
94706
94708
94715
94723
94729
94733
94736
94737
94746
94750
94755
94756
94758
94766
94770
94772
94773
94774
94776
94780
94783
94784
94791
94793
94802
94803
94805
94815
94818
94827
94828
94835
94836
94842
94846
94847
94850
94853
94854
94856
94858
94862
94867
94869
94872
94876
94880
94881
94882
94887
94894
94895
94898
94902
94905
94906
94907
94912
94913
94914
94916
94924
94926
94928
94934
94935
94937
94944
94951
94954
94955
94962
94965
94971
94972
94975
94983
94990
94992
94993
94995
94997
95004
95006
95011
95015
95016
95023
95027
95028
95029
95037
95041
95042
95043
95045
95049
95052
95055
95057
95062
95064
95067
95069
95072
95075
95083
95086
95089
95090
95091
95094
95097
95102
95104
95109
95115
95117
95119
95125
95127
95131
95133
95134
95137
95142
95146
95151
95152
95160
95161
95164
95166
95178
95180
95182
95183
95185
95191
95200
95202
95206
95208
95211
95216
95220
95225
95226
95227
95231
95233
95238
95240
95241
95245
95247
95248
95249
95253
95254
95262
95263
95264
95266
95269
95270
95272
95275
95285
95293
95295
95296
95297
95307
95313
95316
95317
95318
95322
95324
95326
95341
95350
95352
95353
95359
95361
95366
95370
95371
95374
95376
95385
95393
95395
95397
95401
95404
95405
95412
95413
95416
95417
95418
95420
95426
95430
95433
95439
95440
95442
95443
95447
95451
95455
95456
95464
95466
95467
95475
95484
95491
95493
95495
95497
95508
95510
95515
95516
95518
95524
95528
95532
95534
95535
95536
95539
95542
95547
95548
95549
95553
95555
95557
95565
95569
95573
95579
95581
95582
95583
95588
95596
95603
95610
95611
95613
95614
95615
95621
95627
95634
95636
95638
95640
95641
95645
95648
95649
95651
95664
95671
95676
95679
95682
95683
95684
95685
95692
95694
95695
95696
95698
95704
95705
95709
95711
95716
95720
95722
95779
95789
95874
95882
95896
95905
95913
95986
96138
96144
96183
96196
96212
96223
96275
96292
96350
96378
96405
96454
96482
96498
96753
96865
96921
97211
97262
97755
98079
98349
98979
99313
99814
100414
101143
101208
103573
108241
148386
148412
148503
148513
148532
148555
148556
148566
148583
148612
148644
148651
148737
148743
148748
148772
148856
148860
148870
148883
148927
148954
148959
148971
149015
149019
149047
149048
149112
149132
149259
149261
149303
149307
149355
149367
149380
149489
149491
149513
149557
149590
149619
149686
149691
149700
149753
149773
149778
149837
149871
149882
149911
149999
150010
150098
150106
150227
150232
150261
150264
150283
150301
150324
150342
150343
150446
150503
150512
150541
150547
150558
150565
150581
150666
150671
150703
150872
150922
150988
150999
151044
151194
151234
151380
151503
151545
151580
151600
151753
151791
151903
151921
152178
152183
152220
152298
152299
152368
152412
152433
152460
152510
152688
152738
152787
152819
152826
152838
152900
152927
152942
153054
153074
153080
153181
153182
153196
153217
153219
153241
153254
153255
153267
153374
153376
153390
153429
153464
153468
153471
153495
153598
153645
153819
153838
153872
153887
153917
153926
153934
153950
154036
154059
154085
154100
154170
154200
154228
154237
154257
154338
154384
154407
154420
154456
154495
154536
154548
154571
154572
154591
154644
154667
154887
154948
155023
155058
155126
155129
155140
155149
155196
155211
155261
155334
155355
155361
155377
155415
155418
155519
155535
155613
155628
155648
155652
155655
155700
155702
155769
155793
155837
155875
155884
155954
155979
155999
156004
156022
156078
156086
156095
156098
156102
156177
156216
156236
156254
156257
156265
156286
156301
156334
156338
156391
156490
156505
156507
156532
156546
156556
156666
156698
156716
156804
156812
156829
156836
156840
156876
156879
156885
156901
156926
156961
156983
157016
157044
157047
157057
157085
157115
157121
157152
157153
157167
157268
157299
157321
157332
157362
157364
157365
157457
157478
157499
157502
157526
157626
157673
157744
157761
157807
157846
157931
157946
157988
157993
157997
158000
158006
158034
158057
158069
158129
158139
158148
158198
158213
158346
158408
158492
158524
158534
158555
158578
158584
158684
158742
158785
158819
158926
158998
159050
159053
159097
159127
159155
159156
159174
159183
159235
159314
159337
159341
159378
159406
159410
159415
159440
159491
159534
159537
159553
159567
159574
159599
159609
159632
159690
159702
159856
159909
159910
159927
159929
159931
160014
160058
160103
160119
160136
160188
160205
160227
160237
160255
160263
160281
160356
160385
160390
160398
160443
160450
160462
160474
160481
160537
160597
160608
160617
160646
160686
160719
160790
160797
160828
160830
160836
160857
160864
160907
160986
160994
161076
161089
161133
161153
161200
161213
161224
161253
161265
161274
161281
161284
161304
161305
161320
161340
161344
161371
161377
161382
161421
161431
161476
161480
161508
161516
161544
161590
161593
161619
161657
161670
161687
161690
161704
161737
161746
161774
161804
161824
161844
161847
161848
161880
161910
161931
161934
161955
161981
162016
162098
162114
162136
162148
162174
162183
162193
162197
162209
162239
162248
162282
162345
162357
162359
162365
162368
162381
162391
162405
162447
162482
162562
162581
162600
162609
162617
162619
162641
162648
162650
162666
162712
162721
162735
162759
162762
162808
162847
162871
162878
162889
162908
162910
162932
162976
162993
162995
163025
163206
163212
163264
163282
163296
163331
163364
163368
163372
163373
163401
163409
163421
163430
163448
163478
163514
163528
163580
163598
163626
163694
163696
163758
163772
163794
163803
163836
163861
163864
163926
163935
163956
163967
163993
164008
164010
164014
164020
164022
164033
164055
164165
164180
164181
164235
164236
164238
164241
164283
164289
164300
164325
164365
164367
164369
164379
164397
164447
164449
164475
164488
164489
164495
164553
164573
164680
164711
164728
164734
164738
164753
164807
164817
164837
164840
164847
164891
164901
164936
164950
164975
164993
165010
165024
165025
165037
165089
165091
165093
165098
165120
165138
165245
165298
165313
165322
165393
165411
165429
165438
165472
165499
165500
165547
165554
165628
165644
165646
165659
165691
165747
165771
165776
165812
165843
165847
165853
165879
165928
165949
166019
166028
166042
166074
166087
166272
166301
166305
166351
166354
166397
166451
166454
166456
166522
166525
166581
166608
166619
166621
166666
166762
166775
166802
166927
166937
166941
166945
166960
166997
167040
167063
167111
167115
167116
167138
167157
167164
167167
167223
167233
167239
167274
167319
167381
167393
167395
167401
167409
167412
167428
167449
167479
167607
167608
167647
167661
167684
167868
167914
167917
167967
168014
168092
168130
168144
168160
168165
168186
168266
168285
168300
168315
168372
168445
168566
168575
168621
168660
168675
168684
168691
168709
168726
168815
168825
168889
168904
168971
169023
169398
169404
169450
169489
169615
169622
169684
169822
169932
169943
169978
170103
170127
170135
170204
170247
170248
170264
170330
170363
170375
170399
170437
170458
170465
170492
170497
170533
170561
170630
170646
170653
170660
170661
170667
170728
170785
170795
170800
170803
170809
170812
170834
170856
170859
170888
170890
170971
171014
171041
171089
171100
171161
171184
171237
171253
171270
171291
171313
171316
171318
171381
171397
171413
171449
171454
171493
171579
171604
171613
171628
171635
171658
171680
171690
171743
171747
171753
171784
171812
171819
171837
171841
171868
171908
171970
172023
172031
172044
172065
172080
172089
172113
172141
172178
172219
172231
172251
172253
172255
172267
172282
172305
172308
172312
172378
172388
172391
172439
172499
172503
172581
172605
172646
172649
172650
172706
172708
172735
172767
172778
172800
172823
172830
172876
172898
172960
172981
172982
172983
173054
173058
173068
173114
173124
173171
173175
173182
173191
173196
173206
173279
173362
173392
173397
173398
173448
173456
173462
173499
173519
173534
173545
173574
173584
173585
173589
173608
173630
173655
173676
173681
173706
173740
173741
173759
173775
173791
173792
173830
173884
173923
173935
173938
173985
174018
174050
174073
174094
174109
174168
174172
174177
174179
174213
174219
174242
174244
174282
174338
174347
174365
174442
174467
174471
174503
174510
174539
174564
174571
174648
174663
174695
174697
174746
174786
174795
174818
174862
174871
174902
174908
174937
174938
174951
174989
174990
175005
175032
175056
175065
175080
175085
175107
175126
175134
175137
175139
175146
175152
175206
175263
175268
175273
175318
175333
175476
175513
175532
175548
175570
175578
175592
175671
175672
175688
175726
175764
175815
175827
175834
175840
175854
175858
175862
175872
175880
175903
175917
175941
175944
175967
175970
175975
176013
176028
176031
176051
176053
176070
176144
176162
176191
176206
176219
176318
176339
176390
176396
176422
176423
176447
176469
176480
176563
176586
176590
176733
176768
176782
176816
176862
176892
176906
176943
177005
177008
177197
177198
177218
177234
177237
177241
177257
177274
177280
177285
177289
177320
177325
177355
177379
177469
177478
177512
177556
177621
177638
177652
177724
177785
177838
177857
177877
177884
177885
177949
177955
177974
178013
178054
178099
178104
178107
178198
178256
178288
178310
178347
178358
178381
178457
178461
178467
178504
178575
178583
178590
178617
178633
178677
178685
178691
178709
178764
178775
178792
178814
178816
178838
178895
178920
178958
178959
178973
178976
179049
179094
179104
179126
179141
179144
179175
179200
179229
179232
179235
179273
179313
179314
179326
179337
179342
179343
179347
179367
179389
179395
179418
179508
179586
179593
179614
179620
179623
179624
179658
179666
179731
179776
179779
179797
179810
179842
179871
179875
179896
179899
179927
179928
179940
179964
179999
180019
180048
180076
180092
180130
180132
180159
180161
180183
180225
180282
180357
180376
180398
180406
180473
180481
180494
180522
180547
180548
180560
180653
180664
180713
180731
180735
180746
180752
180756
180758
180776
180778
180784
180798
180857
180872
180920
181008
181022
181100
181110
181111
181140
181223
181234
181245
181291
181299
181343
181352
181353
181362
181393
181394
181401
181404
181410
181444
181447
181458
181474
181485
181502
181504
181522
181546
181583
181604
181609
181610
181627
181682
181685
181716
181751
181759
181776
181784
181858
181872
181938
181945
181973
182018
182029
182038
182047
182112
182131
182141
182145
182150
182157
182181
182238
182248
182262
182264
182274
182287
182301
182323
182326
182383
182388
182402
182405
182499
182501
182505
182527
182563
182612
182640
182666
182695
182705
182745
182765
182776
182828
182848
182877
182920
182923
182955
182968
182973
182979
183017
183094
183149
183171
183175
183197
183231
183256
183264
183353
183384
183397
183408
183420
183438
183485
183525
183526
183580
183585
183604
183662
183668
183681
183714
183741
183748
183763
183830
183871
183975
184007
184013
184074
184085
184092
184131
184140
184153
184196
184201
184203
184229
184245
184247
184254
184274
184284
184290
184299
184302
184316
184317
184357
184376
184423
184431
184435
184473
184482
184497
184536
184544
184568
184595
184609
184610
184621
184645
184658
184669
184686
184698
184739
184744
184761
184767
184825
184843
184845
184883
184889
184911
184985
184998
185011
185016
185019
185020
185023
185026
185049
185050
185090
185129
185165
185168
185176
185219
185225
185248
185272
185300
185301
185331
185357
185362
185364
185366
185419
185450
185451
185504
185515
185541
185570
185587
185589
185604
185640
185672
185677
185680
185685
185689
185710
185757
185758
185763
185767
185814
185825
185826
185836
185851
185876
185899
185916
185918
185919
185952
185953
185958
185977
185997
186000
186032
186038
186039
186050
186091
186121
186137
186162
186167
186200
186204
186259
186260
186285
186292
186301
186312
186314
186423
186468
186525
186545
186554
186556
186642
186662
186669
186670
186672
186691
186698
186737
186761
186784
186785
186790
186830
186831
186833
186843
186866
186891
186897
186901
186903
186929
186946
186974
186984
186988
186996
187090
187093
187099
187141
187156
187157
187168
187171
187183
187208
187220
187238
187310
187332
187350
187375
187423
187430
187431
187482
187543
187559
187585
187605
187616
187631
187637
187660
187668
187690
187737
187746
187796
187813
187860
187866
187868
187879
187897
187903
187928
187932
187957
187968
188020
188023
188050
188074
188097
188114
188121
188144
188155
188163
188172
188204
188237
188256
188263
188293
188294
188335
188362
188364
188391
188444
188461
188471
188495
188498
188502
188512
188539
188586
188587
188590
188621
188635
188713
188719
188770
188778
188780
188791
188796
188808
188822
188828
188840
188848
188889
188899
188903
188928
188941
188942
188948
188955
188966
189002
189033
189034
189047
189067
189068
189091
189108
189114
189123
189151
189200
189203
189213
189220
189260
189264
189282
189310
189313
189333
189341
189403
189406
189424
189439
189451
189460
189468
189499
189507
189516
189526
189529
189541
189552
189554
189558
189565
189638
189681
189786
189796
189804
189867
189904
189908
189948
189979
190000
190048
190053
190149
190156
190171
190183
190187
190240
190288
190296
190307
190312
190335
190349
190397
190423
190441
190453
190505
190516
190526
190565
190569
190577
190578
190634
190651
190657
190683
190711
190727
190728
190731
190746
190777
190804
190824
190867
190895
190899
190992
190994
191009
191011
191019
191027
191042
191056
191107
191145
191161
191162
191229
191233
191259
191281
191301
191355
191427
191518
191551
191552
191553
191567
191584
191614
191615
191616
191663
191677
191693
191707
191737
191772
191785
191911
191981
191988
191996
192002
192012
192023
192048
192092
192096
192125
192129
192177
192200
192225
192254
192297
192325
192328
192329
192351
192367
192369
192398
192405
192406
192433
192465
192504
192560
192582
192601
192622
192638
192659
192660
192666
192669
192695
192699
192709
192761
192771
192788
192827
192848
192863
192883
192959
192972
192979
192980
192996
193029
193032
193047
193064
193123
193197
193233
193269
193271
193288
193291
193315
193316
193335
193372
193420
193454
193467
193511
193526
193537
193542
193566
193591
193649
193663
193699
193706
193773
193798
193808
193814
193825
193828
193879
193881
193895
193917
193928
193953
193955
193993
194011
194040
194044
194080
194100
194112
194120
194157
194175
194217
194283
194317
194320
194323
194350
194356
194385
194403
194434
194437
194449
194478
194512
194538
194549
194565
194598
194612
194618
194632
194646
194652
194660
194666
194679
194694
194707
194762
194767
194806
194821
194827
194864
194870
194878
194907
194911
194956
194978
194984
195016
195057
195080
195090
195104
195105
195107
195119
195121
195133
195176
195177
195200
195210
195247
195290
195327
195331
195337
195338
195353
195357
195395
195397
195441
195487
195504
195508
195564
195593
195597
195600
195613
195628
195689
195711
195753
195769
195774
195815
195836
195847
195870
195885
195889
195921
195931
195936
195976
195978
196005
196081
196086
196095
196146
196151
196159
196172
196198
196208
196233
196286
196324
196369
196387
196499
196505
196532
196553
196607
196638
196646
196666
196669
196714
196779
196780
196788
196812
196845
196856
196864
196890
196891
196940
196952
196982
197019
197055
197062
197076
197125
197163
197175
197209
197220
197245
197271
197289
197315
197340
197365
197366
197378
197410
197445
197455
197482
197510
197540
197561
197569
197597
197605
197683
197737
197741
197792
197799
197819
197854
197876
197935
198000
198002
198067
198075
198084
198120
198127
198175
198178
198203
198209
198265
198267
198280
198294
198296
198401
198404
198421
198437
198497
198504
198525
198538
198547
198550
198611
198688
198695
198698
198708
198710
198718
198722
198742
198747
198759
198798
198842
198867
198870
198875
198883
198917
198941
198949
198980
198987
199017
199085
199088
199090
199119
199126
199131
199169
199189
199191
199209
199214
199283
199296
199342
199379
199387
199391
199404
199466
199490
199538
199545
199551
199562
199586
199603
199639
199665
199671
199703
199719
199724
199730
199764
199859
199872
199888
199908
199943
199949
199960
199964
199991
200025
200099
200173
200190
200217
200231
200233
200255
200256
200271
200285
200288
200337
200420
200455
200474
200545
200567
200647
200649
200667
200669
200676
200696
200702
200717
200733
200738
200785
200791
200795
200805
200826
200866
200904
200911
200914
200940
200982
200985
200994
201027
201028
201069
201128
201159
201168
201179
201196
201239
201266
201273
201293
201300
201330
201336
201343
201364
201365
201368
201380
201386
201388
201413
201447
201465
201475
201479
201499
201546
201589
201618
201663
201666
201673
201736
201738
201755
201762
201811
201827
201837
201843
201854
201860
201882
201886
201949
201977
201993
202009
202032
202078
202082
202096
202117
202137
202176
202187
202242
202321
202326
202341
202344
202357
202368
202378
202405
202429
202495
202514
202527
202537
202579
202631
202643
202705
202714
202745
202747
202776
202787
202824
202847
202898
202923
202979
202984
202986
202992
203057
203065
203072
203089
203092
203094
203099
203127
203149
203195
203204
203310
203311
203316
203372
203380
203408
203430
203431
203460
203479
203481
203506
203534
203547
203568
203580
203601
203667
203673
203738
203745
203748
203778
203798
203812
203849
203863
203872
203923
203947
203956
203961
203972
204023
204042
204052
204084
204112
204113
204151
204155
204188
204189
204245
204248
204328
204330
204366
204371
204391
204406
204444
204466
204467
204473
204491
204498
204499
204504
204535
204543
204618
204701
204706
204781
204796
204804
204811
204862
204871
204873
204910
204955
204959
204968
205012
205057
205118
205129
205154
205172
205176
205212
205228
205270
205300
205303
205330
205338
205339
205384
205394
205405
205428
205443
205453
205463
205470
205565
205627
205646
205694
205738
205788
205810
205817
205821
205832
205838
205847
205868
205890
205936
205939
205959
205969
206048
206057
206085
206103
206104
206122
206198
206203
206252
206255
206347
206349
206357
206364
206385
206422
206431
206449
206469
206491
206518
206525
206546
206565
206602
206614
206615
206625
206664
206672
206714
206718
206750
206755
206757
206768
206788
206812
206813
206817
206851
206877
206880
206921
206939
206941
206982
207029
207039
207135
207145
207157
207182
207261
207273
207298
207299
207378
207404
207411
207433
207461
207464
207492
207515
207520
207550
207573
207622
207678
207743
207775
207784
207815
207829
207853
207860
207862
207865
207892
207926
207930
207940
207956
207964
207967
207968
207972
207988
207994
207995
207999
208040
208089
208113
208142
208159
208170
208268
208271
208288
208307
208352
208380
208395
208436
208472
208522
208525
208543
208643
208653
208665
208691
208701
208707
208709
208713
208739
208745
208756
208781
208811
208822
208826
208827
208853
208890
208912
208954
208975
209017
209062
209097
209158
209311
209366
209370
209446
209523
209591
209596
209608
209615
209619
209638
209662
209685
209696
209713
209715
209754
209813
209820
209834
209876
209882
209906
209933
209935
209937
209939
209951
209985
209987
210027
210058
210082
210083
210086
210092
210100
210118
210126
210140
210172
210191
210218
210219
210359
210367
210371
210373
210529
210530
210623
210659
210660
210670
210673
210719
210722
210724
210730
210734
210852
210878
210905
210961
211035
211073
211117
211171
211174
211182
211197
211199
211271
211291
211323
211334
211358
211374
211375
211385
211388
211441
211442
211455
211474
211476
211530
211567
211587
211614
211627
211660
211666
211719
211739
211744
211746
211756
211771
211790
211805
211840
211856
211866
211906
211936
211960
211988
211998
212025
212066
212087
212094
212097
212098
212103
212122
212169
212174
212208
212217
212221
212223
212239
212243
212263
212266
212286
212306
212336
212357
212414
212421
212426
212429
212440
212498
212507
212568
212605
212631
212636
212654
212677
212691
212719
212760
212767
212790
212844
212846
212852
212858
212862
212866
212879
212900
212961
212964
212998
213012
213028
213053
213056
213112
213145
213159
213165
213236
213261
213382
213420
213445
213453
213496
213499
213531
213556
213589
213613
213640
213672
213688
213703
213768
213769
213810
213829
213866
213889
213891
213900
213914
213931
213937
213951
214010
214019
214027
214055
214081
214103
214109
214136
214142
214162
214192
214196
214222
214240
214303
214324
214336
214340
214351
214356
214465
214531
214551
214557
214597
214605
214607
214613
214654
214715
214719
214743
214744
214769
214805
214812
214818
214852
214867
214927
214929
214981
215023
215050
215056
215062
215068
215104
215113
215133
215140
215159
215174
215217
215231
215233
215242
215260
215261
215263
215277
215295
215326
215330
215362
215386
215413
215414
215435
215440
215442
215448
215476
215479
215503
215532
215539
215617
215680
215715
215812
215813
215891
215949
215956
215976
216007
216041
216063
216068
216094
216102
216131
216136
216170
216174
216184
216213
216277
216292
216314
216315
216320
216350
216374
216382
216402
216422
216430
216434
216462
216504
216520
216572
216579
216594
216602
216607
216638
216642
216754
216780
216805
216811
216841
216863
216890
216935
216938
216946
216963
216990
217036
217070
217096
217115
217132
217154
217185
217190
217204
217231
217247
217252
217270
217302
217367
217385
217386
217401
217415
217422
217452
217457
217461
217473
217506
217525
217533
217558
217595
217640
217663
217668
217682
217704
217763
217764
217777
217893
217894
217915
217918
217919
217956
217997
218020
218021
218029
218048
218059
218093
218119
218140
218167
218191
218229
218235
218246
218281
218297
218313
218337
218338
218362
218367
218373
218465
218515
218533
218608
218644
218661
218676
218733
218742
218746
218750
218782
218783
218797
218800
218821
218854
218894
218917
218952
218985
218989
218990
219001
219002
219042
219047
219069
219072
219076
219085
219136
219138
219177
219205
219211
219214
219229
219244
219248
219299
219307
219342
219344
219345
219399
219426
219560
219606
219612
219620
219621
219651
219655
219698
219752
219755
219773
219805
219808
219816
219817
219820
219884
219887
219897
219902
219965
219983
219984
220031
220093
220105
220154
220168
220192
220193
220277
220311
220323
220346
220347
220348
220421
220457
220469
220500
220525
220542
220554
220567
220597
220618
220637
220649
220677
220687
220706
220725
220799
220823
220830
220838
220850
220939
220961
220962
220976
221009
221010
221013
221016
221046
221060
221080
221083
221089
221115
221125
221135
221176
221225
221230
221257
221274
221283
221292
221295
221308
221351
221355
221369
221388
221405
221504
221587
221590
221591
221598
221601
221624
221636
221646
221738
221740
221758
221760
221768
221806
221845
221932
221948
221949
221966
221991
221995
221996
222005
222034
222048
222091
222214
222220
222229
222234
222237
222251
222254
222302
222309
222390
222423
222426
222436
222458
222516
222534
222542
222543
222551
222578
222610
222636
222641
222685
222794
222796
222839
222865
222868
222900
222911
222915
222945
222963
222967
223043
223055
223087
223089
223129
223131
223154
223178
223263
223302
223303
223336
223358
223365
223437
223525
223533
223573
223616
223617
223655
223665
223672
223692
223693
223705
223731
223816
223851
223915
223917
223986
224002
224005
224006
224008
224013
224072
224079
224092
224101
224118
224122
224123
224234
224235
224245
224289
224290
224291
224307
224316
224318
224323
224369
224397
224452
224470
224479
224482
224507
224535
224603
224605
224611
224612
224624
224662
224667
224708
224716
224726
224734
224800
224835
224837
224851
224870
224877
224888
224925
224956
224957
224996
224997
225062
225083
225106
225113
225217
225237
225246
225250
225268
225290
225322
225335
225347
225365
225389
225391
225440
225441
225463
225476
225487
225511
225527
225571
225600
225621
225653
225659
225704
225731
225732
225762
225763
225774
225812
225848
225859
225882
225889
225943
225944
225948
225949
226001
226009
226047
226098
226185
226209
226258
226325
226328
226367
226369
226394
226403
226453
226484
226504
226526
226537
226544
226621
226658
226663
226705
226713
226760
226808
226817
226834
226911
226922
226929
226982
226997
227015
227018
227073
227074
227155
227156
227196
227198
227220
227236
227276
227332
227342
227344
227352
227362
227363
227364
227395
227396
227434
227444
227469
227471
227475
227489
227524
227612
227613
227628
227635
227661
227667
227717
227723
227743
227755
227761
227797
227805
227840
227860
227862
227876
227885
227892
227916
227920
227924
227936
227938
227949
227953
227991
228011
228033
228065
228082
228091
228131
228133
228173
228255
228271
228272
228332
228343
228348
228350
228353
228354
228361
228368
228427
228443
228473
228474
228548
228581
228589
228594
228617
228625
228630
228671
228734
228744
228747
228749
228824
228897
228899
228946
228981
228994
229021
229060
229077
229116
229145
229225
229248
229272
229333
229345
229346
229363
229435
229436
229464
229488
229493
229523
229528
229532
229538
229569
229570
229575
229577
229585
229615
229676
229681
229703
229724
229725
229829
229855
229860
229865
229870
229901
229910
229938
229975
229976
229977
229989
230078
230083
230105
230111
230149
230206
230236
230237
230242
230277
230280
230281
230284
230298
230389
230395
230398
230435
230448
230509
230580
230605
230620
230638
230650
230669
230694
230732
230737
230746
230797
230803
230811
230856
230910
230919
230938
230939
230945
231048
231049
231058
231122
231153
231158
231166
231194
231199
231209
231219
231302
231306
231307
231351
231390
231442
231451
231513
231581
231584
231595
231601
231717
231723
231750
231764
231778
231786
231787
231799
231807
231830
231832
231833
231865
231875
231885
231933
231979
232000
232007
232078
232082
232120
232128
232129
232138
232170
232177
232224
232272
232285
232286
232353
232364
232371
232392
232393
232436
232493
232514
232590
232596
232647
232671
232697
232749
232791
232845
232846
232857
232895
232940
232951
232995
232996
233015
233071
233075
233105
233154
233187
233221
233250
233263
233275
233276
233300
233304
233312
233314
233326
233335
233337
233364
233388
233390
233396
233397
233416
233449
233464
233466
233472
233474
233522
233530
233531
233547
233564
233581
233632
233633
233677
233700
233743
233750
233774
233821
233869
233873
233910
233913
233914
233963
233983
234039
234078
234091
234105
234149
234150
234192
234200
234218
234262
234268
234300
234313
234393
234440
234463
234481
234494
234504
234590
234599
234606
234686
234713
234869
234872
234879
234916
234918
235016
235116
235120
235132
235154
235155
235190
235192
235193
235203
235219
235245
235255
235276
235342
235389
235423
235434
235441
235481
235489
235549
235560
235579
235592
235597
235660
235668
235671
235673
235777
235778
235779
235801
235829
235833
235834
235838
235839
235840
235877
235884
235896
235920
235941
235948
235955
236004
236022
236033
236063
236084
236108
236121
236126
236182
236200
236218
236230
236279
236284
236296
236351
236352
236360
236387
236399
236454
236461
236464
236497
236526
236607
236649
236651
236706
236801
236802
236822
236884
236914
236942
236943
236944
236966
236974
236985
237001
237058
237084
237114
237137
237174
237178
237244
237254
237320
237379
237459
237476
237491
237494
237511
237536
237558
237585
237595
237616
237643
237694
237696
237705
237718
237719
237763
237766
237830
237833
237883
237887
237895
237950
237954
237959
237960
237983
238063
238099
238189
238190
238255
238256
238265
238317
238395
238421
238432
238448
238477
238494
238504
238536
238572
238584
238694
238704
238809
238813
238830
238844
238846
238876
238877
238904
238911
238912
238913
238942
238945
238958
238967
238968
238969
238987
239004
239005
239020
239032
239080
239094
239153
239224
239275
239283
239342
239350
239411
239460
239490
239526
239546
239552
239575
239582
239646
239692
239705
239709
239711
239724
239735
239748
239783
239811
239843
239890
239897
239910
239959
239980
240011
240030
240070
240107
240199
240205
240227
240245
240266
240333
240334
240376
240385
240386
240389
240398
240424
240494
240496
240497
240524
240535
240538
240560
240574
240598
240613
240627
240650
240694
240695
240752
240806
240830
240893
240898
240955
240991
241007
241035
241076
241079
241093
241119
241151
241190
241199
241212
241213
241234
241271
241272
241280
241316
241326
241334
241400
241411
241431
241462
241474
241475
241489
241490
241491
241521
241548
241551
241568
241598
241624
241662
241675
241686
241737
241818
241821
241835
241853
241917
241923
241932
241936
241939
241945
241986
242027
242052
242059
242074
242093
242100
242115
242116
242128
242147
242185
242203
242210
242214
242223
242224
242238
242253
242261
242269
242277
242331
242343
242357
242402
242406
242440
242471
242476
242490
242512
242531
242537
242545
242566
242574
242685
242687
242700
242703
242734
242752
242840
242850
242861
242889
242907
242908
242956
242963
243013
243020
243080
243101
243157
243166
243187
243220
243246
243253
243284
243308
243332
243351
243357
243366
243380
243394
243440
243444
243499
243518
243571
243575
243640
243641
243668
243679
243693
243730
243739
243740
243741
243765
243798
243816
243819
243902
243903
244039
244068
244087
244089
244090
244101
244124
244156
244163
244191
244195
244205
244231
244249
244299
244311
244330
244411
244462
244466
244468
244476
244532
244544
244631
244637
244647
244652
244676
244717
244719
244727
244729
244758
244764
244769
244806
244941
244942
244958
244965
244999
245002
245048
245058
245083
245097
245128
245146
245151
245286
245302
245320
245347
245360
245376
245385
245402
245457
245462
245514
245539
245563
245587
245596
245611
245618
245658
245682
245727
245740
245744
245835
245879
245894
245941
245959
245960
245982
245995
246024
246058
246069
246131
246136
246147
246148
246166
246176
246236
246259
246260
246262
246356
246385
246389
246390
246415
246438
246462
246525
246561
246586
246646
246669
246684
246688
246728
246811
248044
248045
248046
248047
248048
248049
248050
248051
248052
248053
248054
248055
248056
248057
248058
248059
248060
248061
248062
248063
248064
248065
248066
248067
248068
248069
248070
248071
248072
248073
248074
248075
248076
